position,velocity
-0.53369266,0.0
-0.53461695,-0.0009243077
-0.5364586,-0.0018416864
-0.5392039,-0.0027452614
-0.54283214,-0.003628266
-0.54731625,-0.0044840956
-0.5526226,-0.0053063645
-0.5587116,-0.006088961
-0.5655377,-0.006826102
-0.5730501,-0.007512389
-0.5811929,-0.008142863
-0.589906,-0.008713054
-0.599125,-0.0092190225
-0.6087824,-0.00965741
-0.61880785,-0.010025464
-0.62912893,-0.010321066
-0.6396717,-0.010542745
-0.65036136,-0.010689684
-0.6611231,-0.0107617155
-0.6718824,-0.010759296
-0.68256587,-0.010683488
-0.69310176,-0.010535917
-0.7034205,-0.010318728
-0.713455,-0.010034535
-0.72314143,-0.009686363
-0.732419,-0.009277589
-0.7412309,-0.0088118855
-0.74952406,-0.008293162
-0.75724953,-0.007725507
-0.7643627,-0.0071131424
-0.77082306,-0.0064603775
-0.77659464,-0.005771572
-0.7816458,-0.0050511034
-0.7859491,-0.0043033483
-0.78948176,-0.003532662
-0.7922251,-0.0027433718
-0.7941649,-0.0019397725
-0.79529107,-0.0011261296
-0.79459774,0.00069331605
-0.7920885,0.0025091916
-0.78877646,0.003312081
-0.78467876,0.004097673
-0.7788172,0.005861621
-0.771223,0.0075941444
-0.76193786,0.00928516
-0.7500136,0.011924237
-0.7355189,0.014494751
-0.71853966,0.016979223
-0.6991803,0.019359352
-0.67756414,0.021616157
-0.65383387,0.023730272
-0.6281515,0.025682375
-0.60169774,0.026453724
-0.57466364,0.027034122
-0.548248,0.026415613
-0.5226477,0.025600314
-0.49805453,0.024593182
-0.47465274,0.023401788
-0.45261672,0.022036009
-0.43210906,0.020507658
-0.413279,0.018830068
-0.3962613,0.017017692
-0.38117558,0.01508572
-0.36812583,0.013049752
-0.35720032,0.010925526
-0.34847158,0.008728728
-0.3419967,0.00647487
-0.33781746,0.0041792393
-0.33596057,0.0018569042
-0.3364378,-0.00047722913
-0.33924612,-0.0028083343
-0.34436768,-0.0051215636
-0.35176966,-0.007401954
-0.361404,-0.009634351
-0.3732074,-0.011803375
-0.38710082,-0.013893431
-0.4029896,-0.015888793
-0.42076334,-0.017773753
-0.4402962,-0.019532843
-0.46144733,-0.02115113
-0.4840619,-0.022614568
-0.5079723,-0.023910401
-0.5329999,-0.025027556
-0.5589569,-0.025957057
-0.5856493,-0.026692368
-0.612879,-0.027229672
-0.640447,-0.02756805
-0.6681565,-0.027709525
-0.6948155,-0.026659008
-0.72024614,-0.025430609
-0.744286,-0.024039827
-0.76678896,-0.022502966
-0.78762555,-0.020836592
-0.8066826,-0.019057052
-0.8228627,-0.016180087
-0.8360879,-0.013225206
-0.8462979,-0.010210052
-0.85344845,-0.0071505303
-0.85750955,-0.0040610842
-0.8584646,-0.00095507
-0.85630983,0.0021547955
-0.8510539,0.0052559474
-0.8427184,0.008335479
-0.8313387,0.011379664
-0.8169652,0.014373534
-0.7996647,0.017300539
-0.77952236,0.020142324
-0.75664365,0.022878656
-0.7311561,0.025487546
-0.7032106,0.027945565
-0.67298216,0.030228408
-0.6406705,0.032311656
-0.6064988,0.034171753
-0.5707116,0.035787113
-0.5335724,0.037139285
-0.4953583,0.038214076
-0.45635575,0.039002523
-0.41685414,0.039501615
-0.3771395,0.039714646
-0.3374883,0.039651204
-0.29816154,0.039326772
-0.25939956,0.03876197
-0.22141802,0.03798152
-0.18440495,0.03701308
-0.14851896,0.035885982
-0.11388891,0.034630053
-0.08061435,0.03327456
-0.048767038,0.031847317
-0.018393014,0.030374022
0.010484814,0.028877826
0.037863877,0.027379064
0.06375905,0.025895175
0.088199824,0.02444077
0.1112276,0.023027776
0.13289326,0.02166567
0.153255,0.020361735
0.17237635,0.019121343
0.19032459,0.017948236
0.20716938,0.0168448
0.22298168,0.015812296
0.23783278,0.014851105
0.25179368,0.013960913
0.26493457,0.013140887
0.2773244,0.012389825
0.2890307,0.01170628
0.30011934,0.011088663
0.3106547,0.01053534
0.3206994,0.010044694
0.33031458,0.009615194
0.33956003,0.009245442
0.34849423,0.008934217
0.35717475,0.008680506
0.36565828,0.008483539
0.3740011,0.008342814
0.38225922,0.008258117
0.39048877,0.008229552
0.3987463,0.008257548
0.4070892,0.008342897
0.41557598,0.008486759
0.42426667,0.008690694
0.43322334,0.008956681
0.4425105,0.009287139
0.45219544,0.009684958
0.46234897,0.010153519
0.47304568,0.010696726
0.48436472,0.011319029
0.49639016,0.012025453
-0.42513627,0.0
-0.42686406,-0.0017277765
-0.4303072,-0.0034431461
-0.43544093,-0.005133734
-0.44222817,-0.0067872372
-0.45061964,-0.008391473
-0.4605541,-0.009934455
-0.47195858,-0.011404476
-0.4847488,-0.01279023
-0.49882975,-0.014080945
-0.5140963,-0.015266542
-0.5304341,-0.0163378
-0.5477206,-0.017286541
-0.5658264,-0.018105784
-0.58461636,-0.018789923
-0.60395116,-0.019334843
-0.6236892,-0.019738019
-0.6436878,-0.01999857
-0.663805,-0.02011726
-0.6839015,-0.020096447
-0.70384145,-0.019939987
-0.7234945,-0.019653086
-0.74173665,-0.018242124
-0.75845706,-0.016720388
-0.7735582,-0.015101114
-0.7869554,-0.01339724
-0.79857665,-0.011621234
-0.80836165,-0.009784977
-0.81626135,-0.007899717
-0.82223743,-0.005976079
-0.8262616,-0.0040241247
-0.82731503,-0.0010534561
-0.82539296,0.0019220645
-0.82050425,0.004888718
-0.8126717,0.007832524
-0.8019329,0.010738855
-0.78834075,0.013592101
-0.7719653,0.016375404
-0.7528948,0.019070517
-0.73123705,0.021657784
-0.7071207,0.024116296
-0.68069655,0.02642422
-0.6521372,0.028559318
-0.6216376,0.03049964
-0.58941317,0.032224376
-0.5556984,0.033714782
-0.52074325,0.03495516
-0.48480952,0.035933744
-0.448166,0.03664348
-0.41108346,0.03708255
-0.37382886,0.03725462
-0.3366601,0.03716876
-0.29982102,0.036839064
-0.26353705,0.03628399
-0.22801158,0.035525464
-0.19342369,0.03458789
-0.16092658,0.032497104
-0.13164376,0.029282834
-0.10566848,0.025975276
-0.08306863,0.022599842
-0.06389156,0.019177072
-0.048168704,0.015722856
-0.035919793,0.012248913
-0.02715638,0.008763414
-0.021884674,0.0052717053
-0.020107582,0.0017770916
-0.021825943,-0.0017183613
-0.027038949,-0.005213004
-0.035743732,-0.008704783
-0.047934156,-0.012190424
-0.063598774,-0.01566462
-0.08271803,-0.019119253
-0.1052607,-0.022542672
-0.13117976,-0.025919057
-0.1604077,-0.029227952
-0.19285174,-0.032444026
-0.22838889,-0.035537157
-0.26686183,-0.038472943
-0.3080755,-0.041213658
-0.3517953,-0.04371979
-0.3977473,-0.04595202
-0.44562095,-0.04787364
-0.4940741,-0.048453156
-0.5427484,-0.0486743
-0.59127915,-0.048530757
-0.6393058,-0.048026633
-0.68648195,-0.047176156
-0.7324845,-0.04600257
-0.776021,-0.04353647
-0.8168401,-0.040819123
-0.8547328,-0.037892718
-0.88953084,-0.034797996
-0.9211033,-0.031572483
-0.94935256,-0.028249234
-0.9742087,-0.024856165
-0.99562454,-0.02141586
-1.0135703,-0.017945722
-1.0280287,-0.014458433
-1.0389913,-0.010962565
-1.0464545,-0.007463323
-1.0504179,-0.0039633294
-1.0508814,-0.000463446
-1.047845,0.0030364012
-1.0413085,0.0065363967
-1.0312725,0.010036007
-1.0177394,0.013533154
-1.000716,0.017023398
-0.9802169,0.02049913
-0.9562681,0.023948828
-0.9289117,0.027356386
-0.89821106,0.030700628
-0.864256,0.03395504
-0.8271681,0.037087888
-0.7871054,0.040062733
-0.74426585,0.04283953
-0.6988896,0.04537627
-0.6512584,0.04763119
-0.601693,0.049565405
-0.55054724,0.051145766
-0.49819958,0.05234766
-0.44504222,0.05315735
-0.3914686,0.053573616
-0.33786023,0.053608388
-0.28457388,0.053286325
-0.23193052,0.052643366
-0.18020603,0.0517245
-0.12962501,0.050581023
-0.08035732,0.049267683
-0.032517344,0.047839977
0.013834519,0.046351865
0.058688536,0.044854015
0.1020812,0.043392666
0.14409019,0.042008985
0.18482913,0.04073894
0.22444265,0.039613515
0.2631018,0.038659137
0.30100006,0.03789829
0.3383502,0.037350148
0.3753814,0.037031207
0.41233727,0.03695585
0.44947407,0.037136793
0.4870595,0.03758543
-0.4477346,0.0
-0.44929868,-0.001564082
-0.4524154,-0.0031167297
-0.45706195,-0.0046465565
-0.46320423,-0.0061422754
-0.470797,-0.00759276
-0.4797841,-0.008987119
-0.4900989,-0.010314784
-0.5016645,-0.011565611
-0.5143945,-0.012729999
-0.52819353,-0.013799022
-0.5429581,-0.014764562
-0.55857754,-0.015619449
-0.57493514,-0.01635759
-0.5919092,-0.016974088
-0.6093746,-0.017465338
-0.62720364,-0.017829096
-0.64526814,-0.01806451
-0.6634403,-0.018172117
-0.6815941,-0.018153802
-0.6996068,-0.01801271
-0.71735996,-0.017753141
-0.7347403,-0.0173804
-0.7506409,-0.015900629
-0.76496744,-0.014326456
-0.7776377,-0.012670292
-0.78858185,-0.010944156
-0.7977415,-0.009159585
-0.805069,-0.0073275855
-0.8105277,-0.0054586357
-0.81409043,-0.0035627468
-0.81574,-0.0016495489
-0.8154684,0.00027158923
-0.81327695,0.0021914232
-0.80917627,0.0041006883
-0.8021863,0.006989955
-0.7923418,0.009844475
-0.7796931,0.01264868
-0.7643072,0.015385934
-0.7462688,0.018038386
-0.7256819,0.02058695
-0.70267045,0.023011424
-0.67737967,0.025290785
-0.649976,0.027403664
-0.6206471,0.029328948
-0.5896005,0.031046571
-0.55706215,0.032538354
-0.5232732,0.03378891
-0.48848677,0.034786467
-0.45296314,0.035523616
-0.41696534,0.035997804
-0.38075373,0.036211625
-0.34458095,0.036172777
-0.30868718,0.03589376
-0.27329588,0.035391293
-0.23861036,0.034685533
-0.20481119,0.033799164
-0.17305477,0.031756416
-0.14446895,0.028585829
-0.119151965,0.025316978
-0.09717696,0.021975003
-0.07859647,0.01858049
-0.063446805,0.015149665
-0.05175199,0.011694816
-0.043527104,0.008224886
-0.038780935,0.00474617
-0.037517864,0.0012630704
-0.039738975,-0.002221111
-0.045442343,-0.005703366
-0.054622512,-0.0091801705
-0.06726919,-0.01264668
-0.083365135,-0.016095946
-0.1028833,-0.019518167
-0.12578334,-0.022900028
-0.15200748,-0.026224138
-0.18147613,-0.029468667
-0.21408336,-0.032607228
-0.24969247,-0.0356091
-0.28813237,-0.038439896
-0.329195,-0.041062642
-0.3726344,-0.04343941
-0.41816774,-0.045533333
-0.4654787,-0.047310945
-0.51322335,-0.047744643
-0.56104577,-0.047822446
-0.608588,-0.04754218
-0.6554996,-0.046911646
-0.7014476,-0.045948006
-0.74612415,-0.04467653
-0.78825295,-0.04212882
-0.8275989,-0.03934598
-0.8639681,-0.036369152
-0.89720553,-0.033237435
-0.9271918,-0.029986292
-0.9538384,-0.026646564
-0.9770824,-0.023243979
-0.9968814,-0.019799082
-1.013209,-0.01632751
-1.0260495,-0.012840495
-1.035395,-0.009345525
-1.0412421,-0.005847092
-1.0435896,-0.002347491
-1.0424372,0.0011523627
-1.037785,0.0046521076
-1.029634,0.008151111
-1.0179863,0.011647642
-1.0028483,0.015138048
-0.9842323,0.018615954
-0.9621608,0.022071484
-0.9366703,0.025490573
-0.9078159,0.028854394
-0.8756769,0.032139003
-0.8403616,0.035315275
-0.8020124,0.038349234
-0.7608095,0.041202877
-0.71697396,0.043835554
-0.6707681,0.04620588
-0.6224939,0.048274133
-0.5724889,0.050005015
-0.5211185,0.05137038
-0.46876675,0.052351777
-0.41582438,0.052942388
-0.3626763,0.05314809
-0.30968878,0.05298751
-0.2571977,0.052491054
-0.20549867,0.051699053
-0.15483938,0.05065928
-0.1054152,0.049424186
-0.057367038,0.04804816
-0.010781946,0.046585094
0.034304455,0.0450864
0.07790408,0.043599628
0.12007168,0.042167593
0.16089971,0.04082804
0.2005134,0.03961368
0.23906592,0.038552515
0.2767343,0.03766839
0.31371588,0.036981575
0.3502253,0.036509424
0.38649225,0.03626696
0.42275968,0.036267415
0.45928228,0.036522605
0.4963255,0.037043218
-0.43863487,0.0
-0.44026524,-0.0016303515
-0.4435141,-0.003248863
-0.44835782,-0.0048437365
-0.4547611,-0.0064032637
-0.46267697,-0.007915884
-0.47204724,-0.009370258
-0.4828026,-0.0107553555
-0.49486315,-0.012060564
-0.50813895,-0.013275814
-0.5225307,-0.014391721
-0.5379304,-0.015399732
-0.5542227,-0.016292278
-0.5712856,-0.017062921
-0.5889921,-0.017706487
-0.6072113,-0.018219179
-0.6258099,-0.01859864
-0.6446539,-0.018844012
-0.66360986,-0.018955925
-0.6825463,-0.018936448
-0.7013353,-0.018789006
-0.7198536,-0.018518258
-0.7369835,-0.017129922
-0.7526201,-0.015636625
-0.76667106,-0.014050949
-0.7790563,-0.012385235
-0.7897077,-0.010651419
-0.79856867,-0.008860945
-0.8055934,-0.0070247287
-0.81074655,-0.0051531694
-0.81400275,-0.0032562106
-0.81534624,-0.0013434358
-0.8147704,0.0005758112
-0.8122781,0.002492288
-0.8078814,0.004396708
-0.8006018,0.0072796005
-0.79047567,0.010126131
-0.77755505,0.012920619
-0.76190877,0.015646307
-0.74362355,0.018285217
-0.7228054,0.020818157
-0.69958055,0.023224847
-0.6740963,0.025484245
-0.6465213,0.027575018
-0.6170451,0.029476184
-0.5858772,0.031167887
-0.55324495,0.03263226
-0.51939064,0.033854317
-0.48456785,0.034822755
-0.44903716,0.03553069
-0.41306105,0.03597613
-0.37689883,0.03616221
-0.3408017,0.036097135
-0.30500785,0.03579385
-0.26973844,0.035269417
-0.23519418,0.03454425
-0.20155302,0.033641167
-0.16996859,0.031584427
-0.14156614,0.02840245
-0.11644159,0.025124542
-0.094666064,0.021775533
-0.076290384,0.018375676
-0.06134952,0.014940867
-0.049866427,0.011483091
-0.041855413,0.008011013
-0.03732472,0.004530696
-0.036278367,0.0010463524
-0.03871722,-0.0024388558
-0.044639233,-0.0059220106
-0.05403886,-0.009399626
-0.06690571,-0.012866846
-0.08322236,-0.016316656
-0.1029615,-0.019739144
-0.12608233,-0.023120826
-0.15252644,-0.02644411
-0.18221337,-0.02968692
-0.21503597,-0.03282261
-0.25085616,-0.035820197
-0.28950122,-0.038645037
-0.33076116,-0.04125996
-0.37438807,-0.04362691
-0.42009705,-0.04570899
-0.46756992,-0.04747284
-0.51546097,-0.04789108
-0.5634131,-0.047952108
-0.6110673,-0.047654208
-0.658073,-0.047005698
-0.7040973,-0.046024278
-0.748833,-0.04473573
-0.79100513,-0.042172115
-0.83037996,-0.039374866
-0.8667653,-0.036385342
-0.9000081,-0.03324274
-0.9299906,-0.029982531
-0.9566261,-0.026635492
-0.97985333,-0.023227213
-0.99963135,-0.01977806
-1.0159348,-0.01630347
-1.0287493,-0.0128144575
-1.0380676,-0.009318286
-1.0438868,-0.0058192234
-1.0462061,-0.0023193469
-1.0450255,0.0011806422
-1.040345,0.004680589
-1.0321648,0.00818006
-1.0204873,0.0116775185
-1.0053178,0.015169497
-0.98666805,0.018649792
-0.9645594,0.022108687
-0.93902713,0.025532253
-0.9101253,0.028901769
-0.877932,0.032193355
-0.8425541,0.0353779
-0.8041327,0.038421378
-0.76284707,0.041285656
-0.7189172,0.043929875
-0.6726048,0.046312362
-0.6242117,0.04839306
-0.5740755,0.05013625
-0.52256215,0.05151338
-0.4700565,0.052505605
-0.41695076,0.053105764
-0.36363128,0.05331948
-0.31046602,0.05316525
-0.25779256,0.052673467
-0.20590799,0.051884577
-0.1550614,0.05084658
-0.10544916,0.049612235
-0.057212874,0.048236288
-0.010439851,0.046773024
0.034834396,0.04527425
0.07862229,0.04378789
0.12097939,0.04235711
0.16199936,0.041019965
0.2018088,0.03980944
0.24056259,0.038753793
0.27843964,0.03787706
0.31563935,0.03719971
0.3523786,0.03673924
0.38888943,0.036510818
0.42541718,0.036527775
0.4622192,0.036802016
0.4995635,0.037344266
-0.4384181,0.0
-0.44005,-0.0016319248
-0.443302,-0.0032519998
-0.44815043,-0.0048484183
-0.4545599,-0.006409461
-0.46248347,-0.007923559
-0.47186282,-0.00937936
-0.48262864,-0.010765824
-0.49470097,-0.012072327
-0.50798976,-0.0132887885
-0.52239555,-0.014405814
-0.5378104,-0.015414838
-0.5541187,-0.016308283
-0.5711984,-0.017079704
-0.5889223,-0.017723918
-0.60715944,-0.018237121
-0.6257764,-0.01861696
-0.64463896,-0.018862572
-0.66361356,-0.01897459
-0.68256867,-0.018955087
-0.70137614,-0.018807499
-0.71991265,-0.018536484
-0.7370604,-0.017147781
-0.75271446,-0.01565402
-0.7667822,-0.014067799
-0.7791837,-0.0124014625
-0.78985065,-0.010666958
-0.7987264,-0.008875737
-0.8057651,-0.007038718
-0.8109314,-0.005166305
-0.81419986,-0.0032684437
-0.81555456,-0.0013547175
-0.81498903,0.0005655304
-0.81250596,0.0024830597
-0.8081174,0.0043885866
-0.8008447,0.007272643
-0.79072434,0.010120401
-0.7778081,0.012916187
-0.7621649,0.015643246
-0.7438813,0.01828361
-0.72306323,0.020818075
-0.69983685,0.023226364
-0.6743494,0.025487423
-0.6467695,0.027579904
-0.61728674,0.029482804
-0.5861105,0.03117625
-0.55346817,0.032642346
-0.51960206,0.033866066
-0.48476598,0.03483609
-0.44922048,0.0355455
-0.4132282,0.035992283
-0.37704864,0.036179546
-0.34093317,0.03611549
-0.3051201,0.03581304
-0.26983085,0.03528928
-0.23526622,0.034564614
-0.20160434,0.03366188
-0.16999899,0.03160536
-0.14157549,0.028423496
-0.11642987,0.025145616
-0.094633296,0.021796577
-0.07623664,0.018396651
-0.061274894,0.014961751
-0.049771022,0.0115038715
-0.041739333,0.008031688
-0.03718807,0.004551262
-0.036121268,0.001066804
-0.038539797,-0.002418532
-0.04444164,-0.0059018405
-0.053821295,-0.009379654
-0.06666843,-0.012847137
-0.08296573,-0.016297301
-0.102685995,-0.019720262
-0.12578857,-0.023102572
-0.15221523,-0.02642667
-0.18188575,-0.02967051
-0.21469322,-0.032807477
-0.25049984,-0.035806607
-0.2891331,-0.038633272
-0.33038342,-0.041250303
-0.37400302,-0.04361962
-0.41970733,-0.045704305
-0.4671783,-0.04747094
-0.5150703,-0.047892075
-0.56302637,-0.04795603
-0.6106874,-0.047661014
-0.6577026,-0.047015253
-0.70373905,-0.04603639
-0.7484892,-0.044750147
-0.7906777,-0.042188544
-0.83007073,-0.039393
-0.8664756,-0.03640488
-0.899739,-0.0332634
-0.92974305,-0.030004056
-0.9564007,-0.026657656
-0.97965056,-0.023249831
-0.9994515,-0.019800983
-1.0157781,-0.016326586
-1.0286158,-0.012837684
-1.0379573,-0.009341568
-1.0437999,-0.005842528
-1.0461426,-0.002342658
-1.0449852,0.0011573295
-1.0403279,0.0046572746
-1.0321712,0.008156744
-1.020517,0.011654204
-1.0053709,0.0151462
-0.9867443,0.018626545
-0.96465874,0.022085542
-0.93914944,0.02550929
-0.91027033,0.0288791
-0.8780992,0.032171123
-0.8427429,0.035356276
-0.8043423,0.038400568
-0.7630765,0.041265894
-0.719165,0.04391141
-0.6728696,0.046295445
-0.6244917,0.04837793
-0.57436854,0.05012313
-0.52286613,0.05150243
-0.4703692,0.052496936
-0.41726977,0.05309941
-0.3639544,0.053315397
-0.31079108,0.053163316
-0.2581176,0.05267349
-0.20623128,0.051886305
-0.15538156,0.050849713
-0.10576512,0.049616445
-0.05752388,0.04824124
-0.010745509,0.04677837
0.03453416,0.04527967
0.07832724,0.043793075
0.12068901,0.042361777
0.16171287,0.04102386
0.20152521,0.039812338
0.24028069,0.038755476
0.27815804,0.03787735
0.31535646,0.03719843
0.3520927,0.036736242
0.38859868,0.036505956
0.42511958,0.03652091
0.4619126,0.036793012
0.49924558,0.037333
-0.5049727,0.0
-0.5061123,-0.0011396231
-0.50838304,-0.0022707116
-0.5117678,-0.0033847902
-0.5162413,-0.0044735037
-0.52177,-0.0055286805
-0.5283124,-0.0065423963
-0.5358194,-0.0075070453
-0.5442348,-0.008415411
-0.5534956,-0.009260739
-0.5635324,-0.010036814
-0.5742704,-0.010738028
-0.5856299,-0.011359452
-0.5975268,-0.0118969
-0.6098738,-0.012346975
-0.6225808,-0.012707112
-0.63555646,-0.012975609
-0.6487081,-0.013151625
-0.66194326,-0.013235181
-0.6751704,-0.013227129
-0.68829954,-0.013129114
-0.70124304,-0.01294351
-0.71391636,-0.012673357
-0.72623867,-0.012322271
-0.738133,-0.011894369
-0.74952716,-0.011394165
-0.7603537,-0.010826492
-0.7695501,-0.009196406
-0.77706474,-0.007514652
-0.78285635,-0.0057916273
-0.7878938,-0.005037392
-0.7921502,-0.00425644
-0.7956034,-0.0034532298
-0.7972356,-0.0016321781
-0.7970384,0.00019723857
-0.7950127,0.0020256466
-0.79116905,0.0038436602
-0.7855273,0.0056417654
-0.77811706,0.007410217
-0.76797813,0.010138951
-0.7551662,0.012811963
-0.7397538,0.015412355
-0.72183156,0.017922264
-0.70150864,0.020322911
-0.67891383,0.022594782
-0.6541959,0.02471795
-0.62752336,0.02667256
-0.5990839,0.028439429
-0.56908315,0.03000074
-0.5377424,0.031340815
-0.5052955,0.03244686
-0.47198582,0.033309657
-0.4380617,0.033924103
-0.40377215,0.034289595
-0.369362,0.034410127
-0.3350678,0.034294188
-0.30111343,0.033954397
-0.2677065,0.03340692
-0.23603575,0.031670757
-0.20726398,0.028771771
-0.18152429,0.025739681
-0.15892299,0.02260131
-0.13954288,0.019380104
-0.12344689,0.016095987
-0.110681415,0.012765476
-0.101279385,0.009402031
-0.09526284,0.006016543
-0.0926449,0.002617944
-0.09343101,-0.0007861164
-0.09761956,-0.0041885525
-0.10520168,-0.007582109
-0.1161603,-0.010958631
-0.13046867,-0.014308362
-0.14808796,-0.017619295
-0.16896458,-0.020876614
-0.19302684,-0.024062255
-0.22018151,-0.027154671
-0.25031033,-0.030128816
-0.28326678,-0.03295645
-0.31887355,-0.035606787
-0.35692105,-0.038047496
-0.39716718,-0.040246133
-0.43933898,-0.0421718
-0.48313603,-0.04379704
-0.5282358,-0.045099765
-0.57430077,-0.046064988
-0.61998695,-0.045686185
-0.66496027,-0.044973306
-0.70890486,-0.04394459
-0.7515302,-0.042625282
-0.7915761,-0.040045936
-0.8288218,-0.03724571
-0.8630851,-0.034263287
-0.8942201,-0.031135034
-0.92211384,-0.027893718
-0.9466815,-0.02456768
-0.967862,-0.021180484
-0.9856129,-0.01775096
-0.9999065,-0.014293507
-1.0107251,-0.010818625
-1.0180587,-0.007333575
-1.0219017,-0.003843121
-1.0222521,-0.00035031617
-1.0191094,0.0031426866
-1.0124756,0.0066338163
-1.0023553,0.010120265
-0.98875767,0.013597677
-0.9716983,0.017059354
-0.9512028,0.020495502
-0.9273102,0.023892548
-0.90007764,0.027232587
-0.8695846,0.030493017
-0.8359382,0.03364644
-0.7992773,0.03666093
-0.75977653,0.039500747
-0.717649,0.04212755
-0.6731469,0.0445021
-0.6265604,0.046586465
-0.578214,0.048346456
-0.5284597,0.04975424
-0.47766903,0.050790694
-0.42622173,0.05144731
-0.3744944,0.051727325
-0.32284844,0.051645964
-0.27161872,0.051229715
-0.22110394,0.050514784
-0.17155904,0.04954489
-0.12319028,0.048368763
-0.07615273,0.047037557
-0.03055021,0.045602515
0.013562796,0.044113006
0.05617787,0.042615075
0.097328365,0.041150495
0.13708468,0.03975631
0.17554943,0.03846476
0.21285295,0.03730352
0.24914908,0.03629613
0.28461164,0.035462562
0.31943145,0.03481982
0.353814,0.03438253
0.38797748,0.034163494
0.42215165,0.034174167
0.45657665,0.034425005
0.49150237,0.034925718
-0.4363439,0.0
-0.43799087,-0.0016469636
-0.44127285,-0.003281988
-0.44616604,-0.0048931744
-0.45263475,-0.006468711
-0.46063167,-0.00799693
-0.47009805,-0.00946638
-0.48096398,-0.010865915
-0.49314877,-0.012184804
-0.50656164,-0.013412862
-0.5211022,-0.014540585
-0.5366615,-0.015559309
-0.5531229,-0.016461363
-0.5703631,-0.017240223
-0.58825374,-0.017890638
-0.6066625,-0.01840876
-0.6254547,-0.01879221
-0.64449483,-0.019040124
-0.663648,-0.019153152
-0.6827814,-0.019133413
-0.70176584,-0.018984407
-0.7204767,-0.018710878
-0.73779535,-0.017318659
-0.75361586,-0.01582048
-0.76784486,-0.01422904
-0.78040165,-0.012556771
-0.7912173,-0.0108157
-0.8002347,-0.009017343
-0.8074074,-0.0071726697
-0.8126995,-0.005292118
-0.8160851,-0.003385652
-0.817548,-0.0014628585
-0.81708103,0.00046692844
-0.8146866,0.0023944872
-0.809376,0.00531056
-0.8011752,0.0082008075
-0.79012495,0.011050234
-0.7762821,0.01384289
-0.75972044,0.016561657
-0.7405323,0.01918814
-0.7188296,0.021702698
-0.69474494,0.024084639
-0.66843235,0.026312577
-0.6400674,0.028364971
-0.6098466,0.03022082
-0.57798606,0.031860486
-0.5447195,0.03326658
-0.5102946,0.034424882
-0.4749695,0.03532513
-0.4390078,0.0359617
-0.40267375,0.036334056
-0.36622685,0.03644688
-0.32991692,0.03630995
-0.2939792,0.035937704
-0.25863063,0.035348564
-0.22406657,0.034564074
-0.19045863,0.033607937
-0.15895358,0.031505045
-0.13066964,0.028283944
-0.10569605,0.024973584
-0.08409784,0.021598216
-0.06592048,0.01817736
-0.05119439,0.014726088
-0.039938875,0.011255516
-0.032165434,0.007773439
-0.027880365,0.004285069
-0.027086556,0.000793809
-0.029784499,-0.0026979416
-0.035972465,-0.006187968
-0.045645893,-0.009673425
-0.058795914,-0.013150021
-0.07540714,-0.016611231
-0.09545468,-0.020047534
-0.1189004,-0.023445727
-0.14568876,-0.026788361
-0.17574212,-0.030053355
-0.20895599,-0.03321387
-0.24519452,-0.03623854
-0.28428668,-0.03909214
-0.3260234,-0.04173672
-0.37015668,-0.04413328
-0.41640055,-0.04624388
-0.46343464,-0.04703408
-0.5109175,-0.047482867
-0.55849546,-0.04757795
-0.60581213,-0.047316704
-0.6525185,-0.046706337
-0.6982818,-0.045763366
-0.7427942,-0.04451239
-0.7847786,-0.041984368
-0.8239985,-0.03921989
-0.8602582,-0.03625971
-0.89340085,-0.03314266
-0.923305,-0.029904073
-0.9498797,-0.026574776
-0.9730603,-0.023180567
-0.99280244,-0.019742146
-1.0090778,-0.01627536
-1.0218695,-0.0127916895
-1.0311683,-0.009298903
-1.0369701,-0.0058017927
-1.0392731,-0.0023029693
-1.0380769,0.0011963242
-1.0333815,0.0046953885
-1.0251882,0.008193241
-1.0135005,0.011687794
-0.99832535,0.015175031
-0.97967714,0.018648207
-0.9575801,0.022097094
-0.93207276,0.025507284
-0.90321314,0.028859656
-0.8710831,0.032130033
-0.835794,0.03528914
-0.79749095,0.038302988
-0.75635725,0.04113371
-0.7126163,0.043740954
-0.66653246,0.046083827
-0.6184092,0.048123278
-0.5685844,0.049824808
-0.5174232,0.051161174
-0.46530837,0.05211486
-0.41262844,0.052679908
-0.35976553,0.05286292
-0.30708247,0.052683048
-0.2549115,0.05217098
-0.20354444,0.051367063
-0.15322559,0.050318852
-0.104147226,0.04907836
-0.056447834,0.047699396
-0.010212675,0.04623516
0.034523655,0.04473633
0.077773385,0.043249726
0.11959085,0.041817468
0.1600675,0.040476646
0.19932689,0.039259393
0.2375201,0.038193207
0.27482158,0.03730148
0.3114257,0.036604106
0.34754378,0.036118105
0.38340202,0.035858233
0.4192395,0.035837483
0.455307,0.036067512
0.49186593,0.0365589
-0.46337038,0.0
-0.46481964,-0.0014492591
-0.46770746,-0.0028878215
-0.47201252,-0.0043050447
-0.47770292,-0.005690399
-0.48473644,-0.0070335316
-0.49306077,-0.008324339
-0.50261384,-0.009553054
-0.5133242,-0.010710337
-0.52511156,-0.011787385
-0.5378876,-0.012776039
-0.5515565,-0.013668905
-0.56601596,-0.014459468
-0.58115816,-0.015142197
-0.59687084,-0.015712643
-0.6130383,-0.016167518
-0.62954307,-0.016504742
-0.6462665,-0.01672347
-0.66309065,-0.016824087
-0.6798988,-0.016808167
-0.6965772,-0.016678404
-0.71301574,-0.016438514
-0.7291088,-0.016093118
-0.7437564,-0.014647598
-0.7568703,-0.013113872
-0.76837397,-0.0115036825
-0.7782025,-0.009828466
-0.78630173,-0.008099269
-0.7926284,-0.006326717
-0.7971495,-0.0045210244
-0.7998415,-0.002692048
-0.8006909,-0.0008493668
-0.7996933,0.0009976134
-0.7968537,0.002839543
-0.79218674,0.0046670064
-0.7857163,0.006470406
-0.77647644,0.009239859
-0.7645168,0.011959684
-0.74990344,0.014613315
-0.73272026,0.017183186
-0.71306956,0.01965072
-0.69107306,0.021996455
-0.66687274,0.024200331
-0.64063066,0.026242103
-0.61252874,0.028101921
-0.5827677,0.029761013
-0.5515653,0.031202452
-0.5191533,0.032411955
-0.4857747,0.033378616
-0.45167914,0.034095544
-0.41711882,0.03456032
-0.3823436,0.034775235
-0.34759635,0.034747243
-0.31310865,0.034487713
-0.27909675,0.03401188
-0.24675858,0.032338187
-0.2172661,0.029492479
-0.1907611,0.026504993
-0.16735777,0.023403328
-0.14714591,0.02021186
-0.1301944,0.016951514
-0.1165546,0.0136397965
-0.106263526,0.010291076
-0.09934649,0.006917039
-0.095819235,0.0035272536
-0.0956894,0.00012983431
-0.09895726,-0.003267861
-0.105615765,-0.0066585015
-0.11564982,-0.010034057
-0.1290349,-0.013385094
-0.14573503,-0.016700108
-0.16569997,-0.019964956
-0.18886235,-0.023162378
-0.21513408,-0.026271723
-0.24440295,-0.029268866
-0.2765294,-0.032126445
-0.3113438,-0.03481439
-0.34864467,-0.03730089
-0.3881983,-0.03955362
-0.4297397,-0.041541427
-0.47297582,-0.043236107
-0.51759017,-0.04461432
-0.5632495,-0.045659382
-0.60861224,-0.045362704
-0.6533442,-0.044731993
-0.6971275,-0.04378329
-0.7396673,-0.042539816
-0.7796977,-0.040030424
-0.8169909,-0.037293144
-0.8513569,-0.034366015
-0.88264215,-0.031285223
-0.91072583,-0.02808372
-0.9355162,-0.024790335
-0.95694554,-0.021429345
-0.97496593,-0.018020423
-0.98954487,-0.01457889
-1.000661,-0.01111619
-1.0083015,-0.0076405136
-1.012459,-0.0041575143
-1.0131302,-0.0006710782
-1.0103142,0.0028158764
-1.0040137,0.0063005877
-0.994234,0.009779638
-0.9809859,0.0132481465
-0.9642869,0.016698988
-0.9441649,0.020122051
-0.9206613,0.023503572
-0.89383566,0.026825598
-0.86377007,0.030065633
-0.8305735,0.033196576
-0.7943865,0.03618698
-0.75538474,0.039001763
-0.7137813,0.041603416
-0.66982764,0.043953646
-0.62381214,0.046015523
-0.5760563,0.047755852
-0.52690864,0.04914766
-0.47673613,0.050172485
-0.42591396,0.050822172
-0.37481397,0.05109998
-0.3237932,0.05102078
-0.27318284,0.05061038
-0.22327884,0.049904
-0.17433465,0.04894419
-0.12655626,0.047778383
-0.08009984,0.046456415
-0.035071597,0.045028247
0.008470478,0.043542072
0.050513357,0.04204288
0.09108489,0.04057153
0.13024917,0.039164286
0.1681019,0.037852727
0.20476586,0.03666395
0.24038686,0.035621002
0.27513027,0.034743402
0.309178,0.03404773
0.3427262,0.033548206
0.37598345,0.033257257
0.40916944,0.033185977
0.44251394,0.033344515
0.4762563,0.033742357
-0.46379548,0.0
-0.4652416,-0.0014461223
-0.46812317,-0.0028815686
-0.4724189,-0.0042957175
-0.47809696,-0.0056780605
-0.48511523,-0.007018265
-0.49342147,-0.008306251
-0.50295377,-0.009532272
-0.51364076,-0.01068701
-0.5254024,-0.011761685
-0.5381506,-0.012748157
-0.55178964,-0.013639053
-0.56621754,-0.014427873
-0.5813266,-0.015109103
-0.59700495,-0.015678305
-0.6131371,-0.016132198
-0.6296058,-0.016468707
-0.6462928,-0.016686987
-0.6630803,-0.016787421
-0.67985183,-0.016771572
-0.6964939,-0.016642123
-0.7128967,-0.016402775
-0.72895485,-0.016058132
-0.7435684,-0.014613555
-0.7566494,-0.013080942
-0.76812136,-0.011472021
-0.7779196,-0.009798211
-0.7859901,-0.008070547
-0.7922898,-0.0062996433
-0.7967855,-0.0044957087
-0.7994541,-0.0026685945
-0.80028194,-0.0008278783
-0.7992649,0.0010170337
-0.7964081,0.0028567896
-0.7917262,0.004681971
-0.78524315,0.0064829765
-0.7759933,0.009249921
-0.76402617,0.011967114
-0.7494082,0.014617984
-0.7322232,0.017184962
-0.7125737,0.019649476
-0.6905816,0.021992076
-0.6663889,0.02419272
-0.64015776,0.026231194
-0.61207,0.02808768
-0.5823266,0.029743452
-0.55114496,0.031181635
-0.518757,0.032387994
-0.4854053,0.033351682
-0.45133942,0.034065858
-0.4168113,0.034528147
-0.38207042,0.034740873
-0.3473594,0.034711014
-0.31290945,0.034449946
-0.27893654,0.03397291
-0.24663821,0.032298323
-0.2171862,0.02945201
-0.19072205,0.026464159
-0.16735971,0.023362335
-0.14718883,0.020170875
-0.13027817,0.016910667
-0.11667898,0.013599187
-0.10642819,0.010250787
-0.09955106,0.006877137
-0.096063256,0.0034878026
-0.09597235,9.090278e-05
-0.09927854,-0.0033061907
-0.10597467,-0.0066961255
-0.11604551,-0.010070842
-0.12946637,-0.013420867
-0.14620103,-0.016734658
-0.16619906,-0.019998021
-0.18939272,-0.023193657
-0.21569358,-0.026300864
-0.24498907,-0.029295482
-0.2771392,-0.032150116
-0.31197387,-0.034834687
-0.34929124,-0.03731738
-0.38885716,-0.039565913
-0.43040633,-0.04154918
-0.4736454,-0.043239053
-0.5182577,-0.044612303
-0.56391007,-0.04565236
-0.6092608,-0.04535076
-0.65397614,-0.044715345
-0.6977384,-0.043762255
-0.7402532,-0.042514812
-0.78025514,-0.040001918
-0.8175168,-0.037261635
-0.8518488,-0.034331996
-0.88309795,-0.031249164
-0.91114396,-0.028046042
-0.9358954,-0.02475141
-0.95728487,-0.021389486
-0.9752648,-0.017979885
-0.98980266,-0.014537871
-1.0008775,-0.011074839
-1.0084764,-0.0075989375
-1.0125922,-0.004115786
-1.0132215,-0.0006292461
-1.0103637,0.0028577785
-1.0040212,0.0063425307
-0.9941996,0.009821587
-0.98090947,0.013290055
-0.9641687,0.016740784
-0.9440051,0.02016363
-0.9204603,0.023544785
-0.893594,0.02686625
-0.86348855,0.03010548
-0.83025324,0.03323532
-0.794029,0.03622427
-0.75499177,0.03903721
-0.7133552,0.041636594
-0.669371,0.043984137
-0.62332815,0.04604291
-0.57554835,0.047779772
-0.52638054,0.04916782
-0.47619185,0.050188683
-0.42535752,0.050834328
-0.37424937,0.05110814
-0.32322425,0.051025122
-0.27261305,0.050611198
-0.22271135,0.049901698
-0.17377211,0.04893925
-0.12600076,0.047771342
-0.07955294,0.046447832
-0.034534246,0.04501869
0.00899785,0.043532096
0.051030856,0.042033006
0.0915931,0.040562246
0.13074914,0.039156035
0.16859505,0.037845902
0.20525396,0.036658917
0.24087204,0.03561808
0.27561492,0.034742888
0.30966482,0.034049887
0.3432181,0.033553287
0.3764836,0.033265498
0.4096812,0.033197608
0.44304097,0.03335976
0.4768024,0.03376144
-0.53296137,0.0
-0.53389114,-0.0009297898
-0.5357438,-0.0018526091
-0.5385053,-0.0027615419
-0.5421551,-0.00364978
-0.5466658,-0.0045106797
-0.55200356,-0.0053378153
-0.5581286,-0.0061250366
-0.56499517,-0.006866526
-0.572552,-0.0075568506
-0.580743,-0.008191019
-0.5895076,-0.008764534
-0.598781,-0.009273433
-0.6084953,-0.009714335
-0.6185798,-0.010084473
-0.6289615,-0.010381715
-0.6395661,-0.010604588
-0.6503184,-0.010752272
-0.66114295,-0.010824602
-0.671965,-0.010822047
-0.6827107,-0.010745679
-0.6933078,-0.010597143
-0.7036864,-0.010378605
-0.71377915,-0.010092701
-0.72352165,-0.009742483
-0.732853,-0.009331354
-0.74171597,-0.008863015
-0.7500574,-0.008341403
-0.75782806,-0.007770634
-0.764983,-0.007154956
-0.7714817,-0.0064987037
-0.77728796,-0.005806259
-0.78237,-0.005082022
-0.78670037,-0.004330387
-0.7902561,-0.0035557274
-0.79301846,-0.002762386
-0.79497313,-0.001954672
-0.79511,-0.00013686212
-0.79342836,0.0016816522
-0.78993684,0.0034914885
-0.7846537,0.005283161
-0.7776067,0.0070469757
-0.7688338,0.008772943
-0.75738305,0.011450718
-0.7433192,0.014063847
-0.72672427,0.016594984
-0.70769835,0.019025873
-0.6863609,0.021337487
-0.6628506,0.02351027
-0.63732606,0.025524545
-0.609965,0.027361048
-0.58096343,0.029001571
-0.5505338,0.030429685
-0.5189023,0.031631477
-0.486306,0.032596257
-0.4529889,0.033317145
-0.41919735,0.03379152
-0.38517612,0.03402125
-0.35116345,0.03401266
-0.31738713,0.03377631
-0.28406063,0.033326503
-0.25237998,0.031680647
-0.22351635,0.028863637
-0.19761142,0.025904935
-0.17477988,0.022831535
-0.15511249,0.019667398
-0.13867927,0.016433222
-0.12553278,0.013146479
-0.11571111,0.009821677
-0.10924031,0.0064707967
-0.10613646,0.0031038506
-0.10640694,-0.0002704858
-0.11005113,-0.0036441863
-0.1170603,-0.007009168
-0.12741688,-0.0103565855
-0.14109305,-0.013676154
-0.15804856,-0.016955521
-0.17822829,-0.02017973
-0.2015591,-0.023330802
-0.22794661,-0.026387516
-0.257272,-0.029325398
-0.289389,-0.032117013
-0.3241216,-0.034732576
-0.36126253,-0.037140947
-0.40057346,-0.039310906
-0.44178623,-0.04121279
-0.48460647,-0.042820245
-0.52871853,-0.04411202
-0.5737921,-0.04507362
-0.6184907,-0.044698592
-0.6624872,-0.043996476
-0.7054719,-0.042984694
-0.74715924,-0.041687325
-0.78629273,-0.039133526
-0.8226538,-0.03636102
-0.85606086,-0.03340712
-0.88636786,-0.030306978
-0.91346025,-0.027092371
-0.93725115,-0.0237909
-0.95767677,-0.020425664
-0.97469205,-0.01701528
-0.9882662,-0.013574189
-0.9983794,-0.010113157
-1.0050193,-0.0066399206
-1.0081792,-0.0031599076
-1.0078562,0.00032298456
-1.0040506,0.0038055927
-0.996766,0.0072846785
-0.9860099,0.01075612
-0.97179574,0.014214119
-0.9541453,0.017650431
-0.93309164,0.021053651
-0.90868306,0.0244086
-0.8809872,0.027695842
-0.8500958,0.030891437
-0.8161288,0.03396697
-0.7792388,0.036889974
-0.73961407,0.039624777
-0.6974802,0.04213385
-0.6531006,0.044379618
-0.606774,0.04632663
-0.55882996,0.04794399
-0.5096223,0.049207732
-0.4595193,0.05010294
-0.408894,0.0506253
-0.35811213,0.05078189
-0.30752102,0.0505911
-0.25743935,0.050081655
-0.20814845,0.049290918
-0.15988575,0.048262697
-0.11284093,0.047044814
-0.06715423,0.0456867
-0.022916969,0.044237264
0.0198262,0.04274317
0.061073788,0.041247588
0.100863226,0.039789435
0.13926624,0.038403016
0.17638429,0.037118055
0.21234426,0.035959966
0.24729456,0.034950305
0.28140187,0.034107313
0.31484836,0.0334465
0.34782958,0.03298122
0.3805528,0.0327232
0.41323578,0.03268298
0.44610608,0.0328703
0.4794004,0.033294324
-0.53441566,0.0
-0.5353346,-0.00091888744
-0.53716546,-0.0018308872
-0.53989464,-0.0027291651
-0.5435016,-0.003606995
-0.54795945,-0.0044578123
-0.5532347,-0.00527527
-0.55928797,-0.0060532936
-0.56607413,-0.0067861355
-0.57354254,-0.0074684317
-0.5816378,-0.008095253
-0.59029996,-0.008662157
-0.5994652,-0.009165229
-0.6090663,-0.009601131
-0.61903346,-0.009967125
-0.6292946,-0.0102611035
-0.6397762,-0.0104816025
-0.650404,-0.010627806
-0.6611035,-0.010699539
-0.67180073,-0.010697255
-0.68242276,-0.010621999
-0.69289815,-0.010475382
-0.70315766,-0.010259528
-0.7131347,-0.009977027
-0.72276556,-0.009630878
-0.73199,-0.009224433
-0.7407513,-0.008761339
-0.7489968,-0.008245473
-0.75667775,-0.0076809
-0.76374954,-0.007071816
-0.77017206,-0.006422504
-0.77590936,-0.005737302
-0.7809299,-0.0050205663
-0.78520656,-0.0042766538
-0.78871644,-0.0035099033
-0.7914411,-0.0027246263
-0.7933662,-0.0019251041
-0.7944818,-0.0011155894
-0.7937821,0.0006996885
-0.79127073,0.0025113542
-0.78796077,0.003309989
-0.78386945,0.004091294
-0.77801853,0.0058509354
-0.7704394,0.0075791357
-0.76117355,0.009265819
-0.749273,0.011900562
-0.73480624,0.01446675
-0.7178593,0.01694692
-0.6985366,0.019322792
-0.6769611,0.02157542
-0.65327567,0.023685485
-0.6276419,0.025633715
-0.6012405,0.026401429
-0.574262,0.02697849
-0.547905,0.026357004
-0.52236587,0.02553914
-0.49783596,0.024529893
-0.4744991,0.023336863
-0.45252916,0.021969946
-0.4320882,0.020440953
-0.41332498,0.018763212
-0.39637384,0.016951162
-0.38135386,0.015019975
-0.36836863,0.012985223
-0.357506,0.010862623
-0.34883818,0.008667839
-0.3424218,0.0064163604
-0.33829835,0.0041234572
-0.33649418,0.0018041846
-0.33702073,-0.0005265626
-0.33987468,-0.002853965
-0.34503788,-0.0051631806
-0.35247713,-0.007439251
-0.36214417,-0.009667029
-0.3739753,-0.011831143
-0.38789132,-0.013916013
-0.40379724,-0.015905935
-0.4215825,-0.017785227
-0.44112092,-0.01953846
-0.4622717,-0.021150751
-0.4848798,-0.022608114
-0.5087777,-0.023897855
-0.53378665,-0.025008976
-0.5597192,-0.025932578
-0.58638144,-0.026662206
-0.6135755,-0.027194114
-0.64110297,-0.027527453
-0.6687673,-0.027664311
-0.69537693,-0.026609639
-0.7207545,-0.025377575
-0.74473816,-0.023983626
-0.76718223,-0.022444092
-0.7879577,-0.020775521
-0.806952,-0.01899423
-0.8230679,-0.016115932
-0.836228,-0.013160092
-0.8463723,-0.010144316
-0.8534568,-0.007084478
-0.8574518,-0.0039949976
-0.85834104,-0.00088921667
-0.8561209,0.0022201512
-0.85080034,0.005320535
-0.8424013,0.008399011
-0.8309595,0.011441825
-0.8165255,0.014433979
-0.7991666,0.01735888
-0.7789685,0.020198138
-0.756037,0.022931479
-0.7305001,0.025536884
-0.7025092,0.027990904
-0.67224,0.030269228
-0.6398925,0.032347456
-0.6056905,0.034202073
-0.56987894,0.035811555
-0.53272134,0.037157543
-0.49449542,0.038225953
-0.45548746,0.039007954
-0.41598678,0.03950067
-0.37627926,0.039707527
-0.336641,0.039638247
-0.29733258,0.039308432
-0.2585938,0.038738787
-0.22063969,0.037954103
-0.18365762,0.036982067
-0.1478056,0.03585203
-0.113211796,0.034593802
-0.07997519,0.03323661
-0.048166964,0.03180822
-0.017832687,0.030334277
0.011005166,0.028837852
0.038344383,0.027339216
0.06420012,0.025855739
0.08860208,0.024401963
0.111591846,0.022989761
0.13322039,0.021628551
0.15354596,0.020325568
0.17263211,0.019086145
0.1905461,0.01791399
0.20735756,0.01681145
0.22313732,0.015779769
0.23795661,0.014819302
0.25188634,0.013929718
0.2649965,0.013110168
0.27735594,0.0123594375
0.289032,0.011676067
0.30009046,0.011058458
0.31059542,0.010504965
0.3206094,0.010013962
0.3301933,0.009583909
0.3394067,0.009213396
0.34830788,0.008901192
0.35695416,0.008646272
0.365402,0.008447853
0.37370744,0.008305418
0.38192618,0.008218738
0.39011407,0.008187896
0.39832738,0.008213304
0.4066231,0.008295729
0.41505942,0.008436308
0.42369598,0.0086365715
0.43259445,0.008898468
0.44181883,0.009224383
0.451436,0.0096171675
0.46151617,0.010080164
0.4721334,0.010617232
0.48336616,0.011232774
0.49529794,0.011931761
-0.48537853,0.0
-0.48666456,-0.0012860241
-0.48922703,-0.0025624644
-0.49304682,-0.003819796
-0.49809542,-0.005048615
-0.5043351,-0.0062397034
-0.5117192,-0.0073841005
-0.5201924,-0.008473178
-0.52969116,-0.009498726
-0.54014415,-0.010453035
-0.55147314,-0.011328995
-0.5635933,-0.012120182
-0.5764143,-0.012820941
-0.58984077,-0.01342648
-0.6037737,-0.013932928
-0.6181111,-0.014337398
-0.63274914,-0.014638015
-0.64758307,-0.014833939
-0.6625084,-0.01492535
-0.6774218,-0.014913422
-0.69222206,-0.014800262
-0.70681095,-0.01458884
-0.72109383,-0.014282897
-0.73498064,-0.013886836
-0.74838626,-0.013405613
-0.7602309,-0.011844614
-0.7704461,-0.010215226
-0.7789746,-0.008528505
-0.78576976,-0.0067951307
-0.79079515,-0.0050253943
-0.7940244,-0.0032292386
-0.7964407,-0.0024163213
-0.7970317,-0.000590973
-0.79579425,0.0012374009
-0.79273486,0.0030594328
-0.78786916,0.004865677
-0.78122264,0.0066465
-0.7718307,0.009391985
-0.75974435,0.012086355
-0.74503136,0.0147129735
-0.7277771,0.017254239
-0.70808554,0.019691598
-0.6860798,0.022005683
-0.6619032,0.024176603
-0.6357188,0.02618438
-0.60770935,0.028009513
-0.57807565,0.029633671
-0.5470352,0.03104043
-0.51481915,0.03221606
-0.48166895,0.03315022
-0.44783238,0.033836573
-0.41355917,0.034273207
-0.37909636,0.034462817
-0.34468368,0.03441268
-0.31054935,0.034134325
-0.2769063,0.033643045
-0.24494912,0.03195718
-0.21584678,0.029102348
-0.18973835,0.026108423
-0.16673574,0.023002613
-0.14692684,0.019808905
-0.13037898,0.016547857
-0.11714231,0.013236667
-0.10725285,0.00988946
-0.10073509,0.0065177586
-0.09760404,0.0031310525
-0.09786658,-0.0002625374
-0.10152213,-0.0036555582
-0.10856263,-0.0070405006
-0.11897171,-0.010409078
-0.13272324,-0.013751525
-0.1497792,-0.017055957
-0.170087,-0.020307794
-0.19357632,-0.023489336
-0.22015582,-0.026579494
-0.24970958,-0.029553758
-0.28209403,-0.032384463
-0.31713542,-0.03504139
-0.35462818,-0.03749274
-0.3943346,-0.03970644
-0.43598643,-0.041651804
-0.47928777,-0.043301355
-0.5239205,-0.04463271
-0.5695508,-0.0456303
-0.6148375,-0.04528675
-0.6594485,-0.04461097
-0.70306855,-0.04362007
-0.7454067,-0.04233814
-0.7852014,-0.03979466
-0.8222293,-0.037027936
-0.85630536,-0.03407602
-0.8872802,-0.030974887
-0.91503733,-0.027757114
-0.9394884,-0.024451049
-0.9605688,-0.021080432
-0.9782332,-0.017664384
-0.9924509,-0.014217699
-1.0032022,-0.0107513415
-1.0104753,-0.007273086
-1.0142635,-0.0037882412
-1.014564,-0.0003004336
-1.0113764,0.0031875954
-1.0047033,0.0066731735
-0.99455035,0.010152887
-0.9809286,0.013621769
-0.96385604,0.017072527
-0.9433613,0.020494793
-0.91948676,0.023874473
-0.8922936,0.027193218
-0.86186546,0.030428095
-0.82831395,0.033551533
-0.7917823,0.036531635
-0.7524494,0.039332934
-0.7105318,0.04191762
-0.6662845,0.044247277
-0.61999947,0.046285037
-0.57200146,0.047998004
-0.52264166,0.04935975
-0.47228912,0.050352573
-0.42131984,0.050969265
-0.37010568,0.051214155
-0.31900248,0.051103212
-0.2683392,0.05066329
-0.21840864,0.049930543
-0.16946039,0.048948266
-0.12169594,0.04776443
-0.07526674,0.046429202
-0.03027408,0.044992663
0.013228889,0.043502968
0.055233825,0.042004935
0.095773004,0.04053918
0.13491467,0.039141662
0.17275831,0.037843652
0.20943028,0.036671966
0.24507967,0.03564938
0.27987486,0.034795206
0.31400073,0.03412585
0.34765616,0.033655427
0.38105243,0.03339628
0.4144119,0.03335947
0.44796705,0.033555135
0.4819598,0.033992752
-0.46481168,0.0
-0.46625033,-0.0014386211
-0.46911693,-0.0028666158
-0.47339034,-0.0042734127
-0.4790389,-0.005648554
-0.48602065,-0.0069817584
-0.49428365,-0.0082629975
-0.50376624,-0.009482577
-0.51439744,-0.010631234
-0.5260977,-0.011700235
-0.5387792,-0.012681494
-0.5523469,-0.01356768
-0.5666992,-0.014352336
-0.5817292,-0.015029983
-0.5973254,-0.015596211
-0.61337316,-0.016047759
-0.62975574,-0.016382562
-0.6463555,-0.016599774
-0.66305524,-0.016699769
-0.67973936,-0.01668409
-0.6962947,-0.016555395
-0.7126121,-0.016317345
-0.7285866,-0.015974501
-0.74311876,-0.01453218
-0.75612104,-0.013002233
-0.7675173,-0.011396346
-0.77724326,-0.009725904
-0.7852452,-0.00800191
-0.7914801,-0.006234954
-0.79591537,-0.0044352286
-0.79852796,-0.002612575
-0.7993045,-0.000776566
-0.7982411,0.0010633909
-0.79534316,0.002897939
-0.7906255,0.0047176527
-0.7841126,0.0065129236
-0.77483875,0.00927386
-0.762854,0.011984749
-0.748225,0.014629007
-0.7310359,0.017189061
-0.71138954,0.019646348
-0.6894081,0.021981448
-0.66523373,0.024174366
-0.6390288,0.026204951
-0.6109753,0.028053477
-0.581274,0.029701322
-0.5501423,0.031131731
-0.51781166,0.0323306
-0.4845245,0.033287197
-0.45052966,0.03399481
-0.4160785,0.034451168
-0.3814198,0.034658678
-0.34679544,0.03462438
-0.31243578,0.03435966
-0.27855602,0.03387976
-0.24635297,0.032203052
-0.21699767,0.029355297
-0.19063108,0.02636659
-0.16736668,0.023264395
-0.14729372,0.020072961
-0.13048063,0.016813088
-0.116978444,0.013502189
-0.106823884,0.01015456
-0.100042045,0.006781843
-0.09664845,0.0033935949
-0.0966505,-2.0537723e-06
-0.1000482,-0.003397698
-0.10683413,-0.0067859325
-0.11699276,-0.010158625
-0.13049898,-0.013506218
-0.14731604,-0.016817065
-0.16739291,-0.020076865
-0.19066112,-0.023268206
-0.21703139,-0.026370278
-0.24639022,-0.02935883
-0.2785966,-0.0322064
-0.31347948,-0.03488288
-0.35083595,-0.037356462
-0.3904309,-0.03959495
-0.43199825,-0.04156735
-0.47524402,-0.04324574
-0.51985115,-0.044607133
-0.5654864,-0.04563524
-0.6108083,-0.045321908
-0.65548354,-0.044675272
-0.6991953,-0.043711744
-0.74165016,-0.042454842
-0.7815838,-0.039933622
-0.81876993,-0.037186198
-0.85302055,-0.0342506
-0.88418347,-0.031162916
-0.9121394,-0.027955957
-0.9367978,-0.024658373
-0.95809203,-0.02129424
-0.9759751,-0.017883033
-0.990415,-0.014439883
-1.001391,-0.010976068
-1.0088906,-0.007499636
-1.0129068,-0.0040161265
-1.0134361,-0.00052934303
-1.0104783,0.0029578449
-1.0040356,0.0064426917
-0.9941138,0.009921763
-0.9807237,0.0133901285
-0.9638831,0.016840583
-0.9436202,0.020262897
-0.91997707,0.023643173
-0.8930138,0.02696329
-0.8628132,0.030200582
-0.8294854,0.033327762
-0.7931722,0.036313217
-0.7540505,0.03912173
-0.7123348,0.04171568
-0.66827804,0.044056773
-0.6221699,0.046108115
-0.57433325,0.047836673
-0.5251175,0.04921571
-0.4748904,0.050227102
-0.42402732,0.050863087
-0.37289995,0.05112736
-0.32186472,0.05103523
-0.27125183,0.050612908
-0.22135586,0.049895976
-0.17242861,0.048927244
-0.124674276,0.047754332
-0.0782471,0.04642717
-0.033251368,0.044995733
0.010256792,0.04350816
0.05226614,0.042009346
0.09280615,0.040540013
0.13194244,0.039136287
0.16977203,0.037829593
0.20641893,0.036646895
0.24203005,0.035611123
0.27677172,0.03474168
0.3108268,0.034055073
0.34439227,0.033565465
0.3776775,0.03328523
0.41090295,0.033225443
0.4442992,0.033396237
0.47810626,0.033807084
-0.45586255,0.0
-0.45736706,-0.0015045326
-0.4603651,-0.0029980084
-0.4648345,-0.0044694217
-0.47074237,-0.0059078746
-0.47804502,-0.007302638
-0.48668826,-0.008643229
-0.49660775,-0.0099194925
-0.5077295,-0.011121704
-0.5199701,-0.012240679
-0.533238,-0.013267893
-0.5474336,-0.014195609
-0.56245065,-0.015017
-0.5781769,-0.01572627
-0.59449565,-0.01631876
-0.6112867,-0.016791034
-0.6284276,-0.017140934
-0.6457952,-0.017367614
-0.6632668,-0.01747153
-0.68072116,-0.017454403
-0.6980403,-0.017319141
-0.71511006,-0.017069735
-0.7318212,-0.016711125
-0.74707025,-0.015249058
-0.760766,-0.013695781
-0.77282935,-0.012063351
-0.7831928,-0.010363481
-0.7918003,-0.008607448
-0.79860634,-0.006806057
-0.803576,-0.004969649
-0.80668414,-0.003108155
-0.80791533,-0.0012311819
-0.80726343,0.0006518777
-0.8047317,0.002531718
-0.8003327,0.0043989867
-0.7930886,0.0072441557
-0.78303635,0.010052233
-0.7702289,0.012807431
-0.754736,0.015492948
-0.7366451,0.018090859
-0.716063,0.02058212
-0.6931163,0.022946725
-0.6679523,0.025164008
-0.64073914,0.027213134
-0.6116654,0.029073715
-0.5809389,0.030726558
-0.5487844,0.03215449
-0.5154412,0.033343203
-0.48115915,0.03428203
-0.44619456,0.03496459
-0.41080528,0.03538926
-0.37524593,0.03555936
-0.33976284,0.035483085
-0.3045897,0.035173155
-0.26994345,0.03464624
-0.23602127,0.033922188
-0.20399813,0.03202313
-0.17502126,0.02897687
-0.14920762,0.025813641
-0.12664768,0.022559945
-0.10740945,0.01923823
-0.09154254,0.0158669
-0.07908196,0.012460585
-0.07005135,0.009030612
-0.06446573,0.005585615
-0.06233351,0.0021322225
-0.0636577,-0.0013241932
-0.068436444,-0.0047787433
-0.07666268,-0.008226238
-0.088323094,-0.011660411
-0.10339626,-0.0150731625
-0.12185011,-0.018453851
-0.14363877,-0.02178867
-0.1686989,-0.025060128
-0.19694565,-0.028246736
-0.22826856,-0.031322923
-0.26252785,-0.03425928
-0.29955104,-0.03702318
-0.33913088,-0.03957984
-0.38102466,-0.041893803
-0.42495546,-0.043930802
-0.47061536,-0.045659877
-0.51667094,-0.04605558
-0.5627785,-0.046107534
-0.6085928,-0.045814365
-0.65377665,-0.045183793
-0.6980087,-0.04423209
-0.7409916,-0.042982887
-0.7814572,-0.04046559
-0.819176,-0.037718847
-0.85395736,-0.034781322
-0.8856471,-0.03168978
-0.91412485,-0.028477687
-0.9392991,-0.025174275
-0.9611032,-0.021804107
-0.9794902,-0.018387033
-0.9944287,-0.014938429
-1.0058984,-0.01146969
-1.0138872,-0.007988853
-1.0183885,-0.004501326
-1.0193992,-0.0010106574
-1.0169185,0.0024806543
-1.0109482,0.005970347
-1.0014926,0.009455579
-0.9885605,0.012932115
-0.97216696,0.016393535
-0.9523365,0.019830467
-0.9291066,0.023229916
-0.9025319,0.026574662
-0.872689,0.029842893
-0.83968097,0.033008046
-0.803642,0.036039036
-0.76474106,0.03890086
-0.72318536,0.04155575
-0.67922056,0.043964796
-0.63313055,0.04609002
-0.5852337,0.047896806
-0.5358773,0.04935644
-0.48542878,0.050448503
-0.4342659,0.051162854
-0.38276508,0.05150085
-0.33128932,0.05147574
-0.2801772,0.05111211
-0.22973277,0.050444447
-0.18021771,0.049515054
-0.13184609,0.048371624
-0.08478144,0.04706465
-0.03913636,0.04564508
0.00502593,0.044162292
0.047688507,0.042662576
0.08887662,0.041188117
0.12865308,0.039776456
0.16711344,0.03846036
0.20438145,0.037268013
0.24060485,0.036223404
0.27595174,0.035346884
0.3106075,0.034655742
0.3447723,0.034164812
0.37865934,0.03388703
0.41249326,0.033833917
0.4465092,0.03401597
0.48095214,0.03444294
-0.4909117,0.0
-0.49215645,-0.0012447604
-0.49463668,-0.0024802282
-0.49833387,-0.0036971706
-0.5032203,-0.0048864763
-0.5092596,-0.0060392194
-0.5164063,-0.00714673
-0.52460694,-0.00820067
-0.53380007,-0.009193108
-0.5439167,-0.010116611
-0.554881,-0.010964321
-0.56661105,-0.011730049
-0.57901937,-0.012408351
-0.592014,-0.012994609
-0.6054991,-0.01348509
-0.61937606,-0.013876999
-0.6335446,-0.014168512
-0.6479034,-0.014358789
-0.66235137,-0.014447963
-0.67678845,-0.014437111
-0.6911167,-0.014328207
-0.7052407,-0.014124044
-0.7190689,-0.013828157
-0.7325136,-0.013444721
-0.74549204,-0.012978443
-0.7569265,-0.011434458
-0.76675045,-0.009823946
-0.77490824,-0.008157788
-0.7813547,-0.006446518
-0.7860551,-0.004700324
-0.78998417,-0.0039290767
-0.7931213,-0.003137157
-0.7954502,-0.0023289102
-0.7959589,-0.00050864596
-0.79464465,0.0013142311
-0.7915143,0.0031303484
-0.786584,0.0049302517
-0.77987975,0.0067042965
-0.77143717,0.0084425565
-0.7603024,0.011134756
-0.74653786,0.01376455
-0.7302232,0.016314697
-0.7114561,0.018767027
-0.6903536,0.02110255
-0.6670519,0.023301695
-0.64170724,0.025344687
-0.61449516,0.027212081
-0.58560973,0.028885387
-0.55526197,0.03034779
-0.52367705,0.031584907
-0.49109155,0.032585494
-0.4577495,0.03334208
-0.42389807,0.033851415
-0.3897833,0.03411476
-0.35564542,0.034137882
-0.32171455,0.033930857
-0.28820696,0.03350761
-0.25632167,0.03188529
-0.22723295,0.029088713
-0.2010855,0.026147455
-0.17799677,0.023088723
-0.15806,0.019936766
-0.14134741,0.016712597
-0.1279134,0.013434014
-0.11779755,0.010115838
-0.111027226,0.006770327
-0.1076195,0.0034077293
-0.1075826,3.6898386e-05
-0.11091662,-0.0033340203
-0.11761351,-0.0066968896
-0.12765639,-0.010042877
-0.14101817,-0.013361774
-0.15765953,-0.016641373
-0.17752644,-0.019866912
-0.20054711,-0.023020662
-0.2266288,-0.026081681
-0.25565457,-0.029025791
-0.2874804,-0.031825844
-0.32193273,-0.034452308
-0.35880694,-0.03687421
-0.39786735,-0.039060414
-0.43884856,-0.040981196
-0.48145854,-0.042609997
-0.5253838,-0.043925207
-0.5702956,-0.04491182
-0.6148583,-0.04456274
-0.6587451,-0.04388681
-0.7016459,-0.042900756
-0.7432739,-0.041628
-0.78237104,-0.039097134
-0.8187165,-0.036345493
-0.85212666,-0.033410147
-0.88245285,-0.03032616
-0.90957814,-0.02712533
-0.93341357,-0.023835385
-0.9538932,-0.020479629
-0.9709701,-0.01707693
-0.9846121,-0.013642015
-0.99479806,-0.01018595
-1.0015148,-0.0067167766
-1.004755,-0.0032402175
-1.0045155,0.00023954453
-1.0007964,0.0037190777
-0.99360156,0.007194895
-0.9829389,0.010662649
-0.96882254,0.014116338
-0.951275,0.017547552
-0.9303303,0.020944752
-0.90603757,0.024292666
-0.8784658,0.027571827
-0.84770745,0.030758318
-0.8138836,0.033823814
-0.7771476,0.03673601
-0.7376881,0.039459486
-0.6957311,0.04195702
-0.6515397,0.044191394
-0.6054121,0.046127565
-0.55767715,0.047735024
-0.50868696,0.048990164
-0.4588086,0.049878363
-0.4084131,0.050395492
-0.3578644,0.05054869
-0.30750814,0.050356265
-0.2576614,0.049846742
-0.20860423,0.049057167
-0.16057329,0.04803095
-0.11375784,0.04681545
-0.06829821,0.045459628
-0.02428629,0.04401192
0.018232264,0.042518552
0.059254557,0.041022293
0.098816246,0.03956169
0.13698699,0.03817074
0.17386588,0.036878895
0.20957722,0.035711333
0.24426661,0.0346894
0.27809775,0.03383114
0.31124964,0.033151884
0.34391445,0.032664824
0.37629598,0.032381516
0.40860832,0.032312352
0.44107527,0.032466926
0.47392955,0.032854304
-0.47583005,0.0
-0.4771871,-0.0013570404
-0.4798911,-0.0027040043
-0.48392197,-0.0040308735
-0.48924974,-0.005327747
-0.49583462,-0.0065849093
-0.50362754,-0.0077929
-0.51257014,-0.008942595
-0.5225954,-0.0100252945
-0.5336282,-0.01103282
-0.5455859,-0.01195761
-0.5583787,-0.012792827
-0.5719111,-0.01353245
-0.5860825,-0.014171375
-0.600788,-0.014705487
-0.6159197,-0.015131728
-0.63136786,-0.015448139
-0.6470217,-0.015653878
-0.6627709,-0.015749212
-0.67850643,-0.015735485
-0.6941215,-0.015615046
-0.70951265,-0.015391183
-0.72458065,-0.015068005
-0.739231,-0.014650327
-0.75237453,-0.013143544
-0.76393384,-0.011559294
-0.77384275,-0.009908943
-0.78204626,-0.008203508
-0.7884999,-0.0064536063
-0.7931694,-0.0046694665
-0.79603034,-0.0028609708
-0.79706806,-0.0010377271
-0.7962772,0.00079083286
-0.7936619,0.002615343
-0.7892355,0.004426387
-0.7830211,0.0062143872
-0.7750516,0.007969503
-0.76437,0.010681557
-0.7510357,0.013334363
-0.7351248,0.015910832
-0.7167319,0.018392928
-0.6959702,0.02076173
-0.6729725,0.022997666
-0.6478917,0.025080848
-0.6209001,0.026991593
-0.5921891,0.028711032
-0.5619672,0.030221837
-0.5304583,0.031508967
-0.49789783,0.032560408
-0.46453,0.033367842
-0.43060285,0.033927143
-0.39636418,0.034238685
-0.36205673,0.034307428
-0.327914,0.034142736
-0.29415604,0.03375796
-0.2619862,0.03216984
-0.23258315,0.029403064
-0.2060958,0.02648734
-0.18264565,0.023450159
-0.1623295,0.020316156
-0.14522271,0.01710679
-0.13138238,0.01384032
-0.12085038,0.0105320085
-0.11365585,0.007194521
-0.10981741,0.003838442
-0.10934452,0.00047289275
-0.11223832,-0.0028938015
-0.11849173,-0.0062534143
-0.12808885,-0.009597117
-0.14100365,-0.012914801
-0.1571981,-0.016194444
-0.17661965,-0.019421557
-0.19919841,-0.022578754
-0.22484389,-0.02564548
-0.25344187,-0.028597979
-0.28485137,-0.03140951
-0.31890228,-0.034050897
-0.3553937,-0.03649143
-0.3940938,-0.038700107
-0.43474096,-0.040647145
-0.47704667,-0.042305715
-0.5207004,-0.04365372
-0.56537586,-0.04467546
-0.6097388,-0.04436295
-0.6534629,-0.043724068
-0.6962374,-0.04277454
-0.73777425,-0.04153686
-0.7768131,-0.03903881
-0.81313026,-0.036317155
-0.84653884,-0.0334086
-0.8768869,-0.030348055
-0.9040542,-0.027167333
-0.92794853,-0.023894325
-0.94850117,-0.020552604
-0.96566254,-0.017161392
-0.97939837,-0.013735809
-0.9896857,-0.010287344
-0.99651015,-0.006824463
-0.99986345,-0.0033533112
-0.999742,0.0001215254
-0.9961457,0.0035962327
-0.98907876,0.0070669693
-0.97854966,0.0105290655
-0.96457344,0.013976237
-0.9471736,0.017399829
-0.9263855,0.020788116
-0.90225977,0.024125706
-0.8748667,0.027393078
-0.8443004,0.030566351
-0.810683,0.033617344
-0.774169,0.03651399
-0.7349478,0.039221216
-0.6932456,0.04170224
-0.6493252,0.04392037
-0.6034841,0.04584112
-0.5560495,0.047434542
-0.507372,0.048677538
-0.45781612,0.049555887
-0.4077504,0.05006571
-0.35753617,0.050214235
-0.30751652,0.050019648
-0.25800633,0.049510173
-0.20928395,0.048722405
-0.16158476,0.04769918
-0.11509756,0.046487205
-0.06996279,0.045134764
-0.026273167,0.043689627
0.015924223,0.04219739
0.056624465,0.040700242
0.09586069,0.039236225
0.13369958,0.037838895
0.1702369,0.036537312
0.20559321,0.03535632
0.23991017,0.034316957
0.27334717,0.033437
0.3060787,0.032731522
0.33829215,0.032213464
0.37018633,0.03189415
0.40197006,0.031783752
0.4338617,0.031891644
0.4660884,0.032226715
0.49888596,0.032797527
-0.43429682,0.0
-0.4359586,-0.0016617816
-0.43927014,-0.0033115363
-0.4442074,-0.0049372762
-0.4507345,-0.006527098
-0.45880374,-0.008069239
-0.4683559,-0.009552146
-0.47932047,-0.010964574
-0.49161613,-0.012295686
-0.50515133,-0.013535188
-0.5198248,-0.014673472
-0.5355266,-0.015701776
-0.5521389,-0.016612338
-0.56953746,-0.017398547
-0.58759254,-0.018055098
-0.60617065,-0.018578086
-0.6251358,-0.018965112
-0.64435107,-0.019215306
-0.66368043,-0.019329343
-0.6829898,-0.019309383
-0.7021488,-0.019158987
-0.7210318,-0.018882988
-0.7385191,-0.017487314
-0.7545039,-0.015984794
-0.7688921,-0.014388222
-0.7816022,-0.012710122
-0.7925648,-0.010962601
-0.80172205,-0.0091572385
-0.80902714,-0.007305055
-0.81444365,-0.0054165213
-0.81794524,-0.003501619
-0.81951517,-0.0015699393
-0.819146,0.00036919356
-0.8158394,0.0033065774
-0.80961126,0.0062281927
-0.80049163,0.0091195945
-0.78852606,0.011965567
-0.77377623,0.014749845
-0.7563213,0.017454915
-0.73625934,0.020061953
-0.71370846,0.02255089
-0.6888078,0.024900664
-0.6617182,0.027089622
-0.63262206,0.029096128
-0.6017228,0.030899303
-0.5692429,0.032479882
-0.5354217,0.033821143
-0.50051194,0.0349098
-0.46477515,0.035736784
-0.42847726,0.036297895
-0.3918831,0.036594126
-0.35525134,0.036631767
-0.3188292,0.036422156
-0.28284803,0.03598117
-0.24751955,0.03532848
-0.21303292,0.03448663
-0.18055287,0.032480042
-0.15121497,0.029337907
-0.1251242,0.026090767
-0.10235936,0.02276484
-0.08297757,0.019381788
-0.067018725,0.015958847
-0.054509517,0.012509207
-0.045466956,0.00904256
-0.039901175,0.0055657807
-0.037817504,0.0020836703
-0.039217763,-0.0014002576
-0.044100735,-0.0048829746
-0.052461863,-0.008361126
-0.06429209,-0.011830227
-0.07957596,-0.0152838705
-0.09828893,-0.01871297
-0.120394,-0.022105072
-0.14583777,-0.02544377
-0.17454606,-0.02870829
-0.20641936,-0.031873304
-0.24132845,-0.034909077
-0.27911046,-0.03778201
-0.31956607,-0.04045563
-0.36245817,-0.04289209
-0.4075123,-0.04505412
-0.45441958,-0.046907276
-0.50184196,-0.047422405
-0.54942745,-0.047585465
-0.5968194,-0.047391944
-0.64366657,-0.046847194
-0.6896326,-0.045966033
-0.73440427,-0.044771638
-0.7766981,-0.0422939
-0.816271,-0.039572865
-0.8529202,-0.036649182
-0.8864821,-0.033561915
-0.916829,-0.03034691
-0.9438647,-0.027035689
-0.9675196,-0.023654854
-0.98774546,-0.020225937
-1.0045111,-0.016765594
-1.0177971,-0.013286065
-1.0275929,-0.009795783
-1.033893,-0.0063001057
-1.0366951,-0.002802097
-1.0359985,0.00069666223
-1.0318033,0.0041952515
-1.0241107,0.0076925857
-1.0129241,0.011186592
-0.99825066,0.014673389
-0.98010415,0.018146483
-0.95850813,0.021596013
-0.9335001,0.025008043
-0.9051361,0.028364018
-0.8734957,0.03164039
-0.8386871,0.034808565
-0.80085194,0.037835196
-0.76016897,0.04068299
-0.71685696,0.043312024
-0.6711753,0.045681614
-0.6234227,0.047752634
-0.5739325,0.049490172
-0.5230663,0.050866242
-0.471204,0.051862247
-0.41873312,0.052470904
-0.3660358,0.05269732
-0.31347668,0.052559115
-0.26139116,0.05208551
-0.21007559,0.051315583
-0.15977974,0.05029585
-0.11070214,0.049077597
-0.06298794,0.047714204
-0.016729232,0.046258707
0.028032621,0.044761855
0.07130331,0.04327069
0.11313098,0.041827668
0.15360126,0.040470276
0.19283229,0.039231036
0.23097011,0.038137823
0.26818445,0.037214346
0.30466524,0.036480766
0.34061953,0.0359543
0.37626937,0.035649847
0.4118499,0.0355805
0.44760787,0.035757996
0.48380086,0.03619299
-0.48967537,0.0
-0.49092937,-0.0012539865
-0.493428,-0.0024986148
-0.49715257,-0.0037245871
-0.5020753,-0.0049227257
-0.50815934,-0.0060840393
-0.5153591,-0.007199794
-0.5236207,-0.008261585
-0.53288215,-0.00926142
-0.54307395,-0.010191804
-0.55411977,-0.011045824
-0.565937,-0.0118172355
-0.57843757,-0.012500552
-0.59152865,-0.013091114
-0.6051138,-0.01358516
-0.6190937,-0.013979872
-0.6333671,-0.014273416
-0.6478321,-0.014464953
-0.6623867,-0.014554624
-0.67693025,-0.0145435305
-0.6913639,-0.014433674
-0.7055918,-0.014227886
-0.7195215,-0.013929749
-0.733065,-0.013543486
-0.7461389,-0.01307386
-0.7576649,-0.011526063
-0.7675763,-0.009911318
-0.7758168,-0.008240548
-0.7823411,-0.006524317
-0.78711396,-0.0047728363
-0.79111,-0.0039959936
-0.7943081,-0.0031981962
-0.79669195,-0.0023838142
-0.79724914,-0.00055717875
-0.7959768,0.0012723071
-0.79288155,0.0030952764
-0.7879793,0.0049022813
-0.7812956,0.0066836835
-0.771866,0.00942956
-0.7597419,0.012124125
-0.7449912,0.01475073
-0.7276994,0.017291758
-0.7079708,0.01972864
-0.68592876,0.022041993
-0.6617169,0.024211913
-0.63549846,0.02621841
-0.6074565,0.028041983
-0.57779217,0.029664304
-0.5467232,0.031068966
-0.51448095,0.03224226
-0.48130706,0.033173885
-0.4474495,0.033857547
-0.41315815,0.034291383
-0.37868,0.03447815
-0.34425482,0.034425177
-0.31011075,0.03414406
-0.27646062,0.033650137
-0.2444988,0.03196181
-0.2153941,0.029104713
-0.18928535,0.026108744
-0.16628425,0.023001103
-0.14647847,0.019805772
-0.12993518,0.016543293
-0.116704345,0.013230835
-0.10682184,0.0098825
-0.10031206,0.0065097786
-0.09718993,0.00312213
-0.09746229,-0.00027235458
-0.10112854,-0.0036662512
-0.10818062,-0.0070520774
-0.11860219,-0.010421569
-0.13236718,-0.013764984
-0.14943762,-0.017070448
-0.16976102,-0.020323398
-0.19326715,-0.023506133
-0.21986471,-0.026597563
-0.24943788,-0.029573165
-0.28184313,-0.032405257
-0.31690672,-0.035063595
-0.35442308,-0.03751634
-0.39415446,-0.039731383
-0.43583244,-0.041677997
-0.4791611,-0.043328665
-0.52382207,-0.044660963
-0.5694814,-0.04565929
-0.6147976,-0.045316253
-0.6594384,-0.044640765
-0.70308834,-0.04364993
-0.7454562,-0.042367876
-0.7852803,-0.039824106
-0.82233727,-0.037056964
-0.8564418,-0.03410454
-0.8874447,-0.031002851
-0.91522914,-0.02778451
-0.93970704,-0.02447789
-0.9608138,-0.021106752
-0.97850406,-0.017690232
-0.9927472,-0.0142431315
-1.0035236,-0.010776412
-1.0108215,-0.0072978395
-1.0146341,-0.003812711
-1.0149587,-0.00032463076
-1.011795,0.0031636858
-1.0051454,0.006649599
-0.99501574,0.010129731
-0.9814166,0.01359916
-0.96436596,0.017050639
-0.9438921,0.020473847
-0.9200373,0.023854746
-0.8928623,0.027175032
-0.8624505,0.030411817
-0.8289129,0.033537567
-0.79239255,0.03652041
-0.7530677,0.039324876
-0.7111545,0.041913144
-0.6669077,0.044246756
-0.620619,0.046288766
-0.5726128,0.048006188
-0.5232403,0.049372472
-0.47287056,0.05036978
-0.42187977,0.050990786
-0.37064007,0.05123968
-0.31950775,0.05113233
-0.26881224,0.050695505
-0.21884693,0.04996532
-0.16986188,0.048985045
-0.1220592,0.04780268
-0.07559078,0.04646842
-0.030558348,0.04503243
0.012984579,0.04354293
0.055029403,0.042044826
0.09560822,0.040578816
0.13478917,0.039180946
0.17267174,0.03788257
0.2093823,0.03671056
0.24507006,0.035687763
0.2799036,0.03483354
0.31406796,0.034164347
0.3477623,0.033694327
0.38119814,0.03343587
0.4145982,0.033400055
0.44819525,0.033597045
0.48223156,0.034036327
-0.442959,0.0
-0.44455793,-0.0015989161
-0.44774413,-0.0031861828
-0.45249432,-0.004750195
-0.45877376,-0.0062794434
-0.46653634,-0.0077625723
-0.4757248,-0.009188454
-0.48627105,-0.010546275
-0.4980967,-0.011825648
-0.5111134,-0.013016728
-0.5252238,-0.014110345
-0.54032195,-0.015098158
-0.55629474,-0.015972788
-0.57302266,-0.01672796
-0.5903813,-0.017358638
-0.60824245,-0.017861113
-0.6264755,-0.018233085
-0.6449492,-0.018473702
-0.6635328,-0.018583544
-0.6820974,-0.018564595
-0.70051754,-0.018420147
-0.7186722,-0.018154683
-0.7354459,-0.016773725
-0.7507356,-0.015289691
-0.76445055,-0.013714969
-0.77651227,-0.01206171
-0.78685397,-0.01034169
-0.79542017,-0.008566219
-0.8021663,-0.006746109
-0.807058,-0.0048916894
-0.8100709,-0.0030128653
-0.81119007,-0.0011192114
-0.81041014,0.0007799121
-0.8077349,0.0026752264
-0.80317754,0.004557396
-0.79576063,0.0074168933
-0.78552186,0.010238753
-0.7725147,0.013007176
-0.7568094,0.015705315
-0.7384942,0.018315155
-0.7176767,0.020817524
-0.6944845,0.023192251
-0.66906595,0.025418488
-0.6415908,0.027475191
-0.612249,0.029341767
-0.5812502,0.030998833
-0.5488211,0.032429066
-0.51520306,0.03361805
-0.48064798,0.034555092
-0.44541413,0.03523385
-0.4097613,0.035652827
-0.37394574,0.03581555
-0.33821526,0.035730477
-0.3028046,0.035410676
-0.2679314,0.034873184
-0.23379318,0.034138232
-0.20156483,0.03222835
-0.17239317,0.02917166
-0.14639455,0.025998618
-0.12365868,0.02273587
-0.10425275,0.019405935
-0.088225536,0.016027214
-0.07561126,0.012614272
-0.06643295,0.0091783125
-0.06070515,0.0057277987
-0.05843601,0.0022691418
-0.05962855,-0.0011925403
-0.064281195,-0.004652647
-0.0723875,-0.008106304
-0.08393509,-0.011547587
-0.098903835,-0.014968747
-0.11726334,-0.018359505
-0.13896973,-0.021706399
-0.16396199,-0.024992261
-0.19215786,-0.02819587
-0.2234497,-0.031291846
-0.25770056,-0.034250855
-0.2947408,-0.037040226
-0.33436576,-0.039624956
-0.37633494,-0.041969188
-0.42037302,-0.044038087
-0.466173,-0.045799967
-0.5124015,-0.04622853
-0.55871403,-0.046312496
-0.6047636,-0.046049617
-0.6502105,-0.04544688
-0.69473046,-0.04451996
-0.73802257,-0.043292116
-0.77881515,-0.040792577
-0.8168752,-0.03806006
-0.8520087,-0.03513349
-0.8840587,-0.03204999
-0.9129022,-0.028843472
-0.9384458,-0.025543638
-0.96062136,-0.022175515
-0.9793807,-0.018759366
-0.9946916,-0.015310928
-1.0065335,-0.011841879
-1.014894,-0.008360459
-1.0197662,-0.004872189
-1.0211468,-0.0013806494
-1.0190351,0.0021117197
-1.0134323,0.0056028026
-1.0043423,0.009089988
-0.99177295,0.012569354
-0.97573805,0.016034875
-0.95626044,0.019477647
-0.93337524,0.02288519
-0.90713435,0.026240852
-0.877611,0.02952338
-0.84490424,0.032706752
-0.8091439,0.035760332
-0.77049446,0.03864944
-0.72915804,0.04133643
-0.6853758,0.04378225
-0.6394273,0.0459485
-0.5916275,0.047799837
-0.54232097,0.04930652
-0.49187407,0.05044686
-0.4406648,0.051209286
-0.3890711,0.051593676
-0.33745924,0.05161189
-0.28617194,0.051287275
-0.23551859,0.05065337
-0.18576673,0.049751863
-0.13713658,0.04863015
-0.08979782,0.047338754
-0.0438689,0.04592892
0.00058164215,0.04445054
0.043532185,0.042950545
0.08500402,0.041471835
0.1250567,0.040052682
0.16378327,0.03872657
0.2013056,0.037522327
0.23777014,0.036464535
0.27334416,0.035574034
0.3082127,0.03486854
0.34257594,0.034363233
0.37664726,0.03407132
0.4106518,0.034004536
0.44482535,0.034173552
0.47941357,0.034588233
-0.5038168,0.0
-0.50496507,-0.0011482777
-0.50725305,-0.0022879576
-0.51066357,-0.0034105014
-0.51517105,-0.0045074914
-0.5207417,-0.0055706925
-0.52733386,-0.00659212
-0.534898,-0.007564108
-0.54337734,-0.00847938
-0.55270845,-0.009331128
-0.56282157,-0.010113083
-0.5736411,-0.010819591
-0.5850868,-0.011445681
-0.597074,-0.011987131
-0.6095145,-0.012440519
-0.62231773,-0.012803262
-0.63539135,-0.013073646
-0.6486422,-0.0132508315
-0.66197705,-0.013334847
-0.67530364,-0.013326563
-0.6885313,-0.013227651
-0.70157176,-0.0130405165
-0.71434003,-0.01276824
-0.7267545,-0.012414482
-0.73873794,-0.011983406
-0.7502175,-0.011479576
-0.7611254,-0.0109078735
-0.7703988,-0.009273403
-0.7779857,-0.0075869453
-0.78384465,-0.0058589224
-0.787944,-0.0040994133
-0.79126227,-0.0033181966
-0.7937819,-0.002519606
-0.7954898,-0.0017079414
-0.79537725,0.00011252619
-0.7934449,0.0019324153
-0.78970253,0.003742337
-0.78416973,0.0055327835
-0.77687573,0.0072940234
-0.7668597,0.01001602
-0.7541769,0.01268279
-0.7388994,0.015277474
-0.72111714,0.01778227
-0.7009387,0.020178478
-0.678492,0.022446664
-0.653925,0.024567006
-0.6274053,0.02651974
-0.5991195,0.028285764
-0.56927216,0.029847337
-0.5380833,0.031188816
-0.50578594,0.032297418
-0.47262204,0.033163883
-0.438839,0.03378305
-0.4046848,0.034154177
-0.3704037,0.03428112
-0.33623153,0.034172177
-0.30239177,0.033839762
-0.26909193,0.03329983
-0.23752077,0.031571157
-0.20884134,0.028679434
-0.18318708,0.025654258
-0.1606647,0.022522375
-0.14135751,0.019307194
-0.12532887,0.01602864
-0.11262559,0.012703277
-0.10328096,0.009344625
-0.09731729,0.0059636715
-0.094747834,0.002569462
-0.09557805,-0.00083022326
-0.09980621,-0.0042281547
-0.107423134,-0.007616925
-0.118411355,-0.010988223
-0.1327435,-0.014332135
-0.15038,-0.017636508
-0.17126638,-0.020886384
-0.19532998,-0.024063593
-0.22247648,-0.027146505
-0.2525865,-0.030110044
-0.2855125,-0.03292599
-0.32107615,-0.035563633
-0.35906696,-0.037990812
-0.39924225,-0.0401753
-0.44132873,-0.04208649
-0.48502603,-0.043697268
-0.53001195,-0.04498592
-0.5759498,-0.045937825
-0.62149656,-0.045546804
-0.66631967,-0.04482308
-0.7101047,-0.04378508
-0.7525629,-0.042458136
-0.79243565,-0.03987279
-0.8295038,-0.037068103
-0.8635863,-0.03408256
-0.89453864,-0.030952342
-0.9222486,-0.02770997
-0.9466322,-0.02438356
-0.96762866,-0.020996476
-0.98519605,-0.017567364
-0.9993065,-0.014110486
-1.0099428,-0.010636245
-1.0170946,-0.0071518426
-1.0207566,-0.00366203
-1.0209265,-0.00016989108
-1.0176042,0.0033223485
-1.0107917,0.0068125026
-1.0004941,0.010297607
-0.986721,0.013773108
-0.96948886,0.017232075
-0.9488244,0.020664448
-0.9247681,0.024056366
-0.89737844,0.027389627
-0.8667371,0.030641334
-0.8329533,0.03378383
-0.79616827,0.03678498
-0.7565594,0.039608933
-0.714342,0.042217337
-0.6697709,0.04457111
-0.6231383,0.0466326
-0.5747702,0.0483681
-0.5250198,0.04975038
-0.4742588,0.050761037
-0.42286646,0.05139234
-0.37121817,0.051648293
-0.31967333,0.05154483
-0.2685643,0.051109023
-0.21818683,0.050377496
-0.16879262,0.049394205
-0.12058468,0.04820794
-0.07371494,0.046869744
-0.028284313,0.045430627
0.015655307,0.04393962
0.058097683,0.042442378
0.09907794,0.040980253
0.13866782,0.03958988
0.17697091,0.0383031
0.21411815,0.03714724
0.25026366,0.03614552
0.28558132,0.035317644
0.32026172,0.034680393
0.35450992,0.0342482
0.38854364,0.034033723
0.42259192,0.034048297
0.45689422,0.034302287
0.49169955,0.034805335
-0.48214772,0.0
-0.48345783,-0.0013100822
-0.48606822,-0.0026104122
-0.48995954,-0.003891297
-0.4951027,-0.0051431633
-0.5014593,-0.0063566235
-0.5089819,-0.0075225476
-0.517614,-0.008632139
-0.527291,-0.009677023
-0.5379404,-0.010649331
-0.54948217,-0.011541802
-0.56183004,-0.012347872
-0.5748918,-0.0130617665
-0.58857036,-0.013678585
-0.6027648,-0.014194378
-0.61737096,-0.014606198
-0.6322831,-0.014912147
-0.6473945,-0.01511138
-0.6625986,-0.01520411
-0.67779016,-0.0151915625
-0.6928661,-0.015075929
-0.70772636,-0.014860285
-0.72227484,-0.014548493
-0.73642,-0.014145092
-0.75007516,-0.013655187
-0.76215947,-0.012084314
-0.77260345,-0.010443984
-0.7813488,-0.008745356
-0.788348,-0.006999194
-0.79356384,-0.0052158525
-0.7969692,-0.0034053153
-0.79854643,-0.0015772611
-0.7982876,0.0002588418
-0.79619396,0.0020936267
-0.79227626,0.00391771
-0.7865547,0.0057215746
-0.77905923,0.0074954643
-0.7688299,0.010229296
-0.75592285,0.01290705
-0.74041104,0.015511797
-0.7223854,0.018025633
-0.70195574,0.02042972
-0.67925125,0.022704473
-0.6544213,0.024829902
-0.62763524,0.026786076
-0.5990815,0.028553743
-0.5689665,0.030115038
-0.53751224,0.031454246
-0.5049537,0.032558568
-0.47153488,0.0334188
-0.43750495,0.03402991
-0.4031136,0.03439136
-0.36860633,0.03450727
-0.33422005,0.034386262
-0.30017895,0.034041107
-0.26669082,0.033488136
-0.23494433,0.0317465
-0.20610213,0.028842198
-0.18029708,0.025805045
-0.15763517,0.022661919
-0.13819887,0.019436298
-0.12205076,0.016148102
-0.10923694,0.012813821
-0.099790074,0.009446867
-0.093732014,0.006058061
-0.09107576,0.0026562505
-0.091826774,-0.0007510122
-0.09598353,-0.0041567488
-0.10353734,-0.0075538186
-0.114471525,-0.010934185
-0.12875974,-0.014288211
-0.14636375,-0.017604005
-0.16723059,-0.02086685
-0.19128937,-0.024058776
-0.21844767,-0.027158294
-0.24858806,-0.030140392
-0.28156486,-0.032976817
-0.31720158,-0.035636716
-0.35528925,-0.03808766
-0.39558625,-0.04029702
-0.43781996,-0.042233687
-0.4816899,-0.04386995
-0.52687335,-0.04518344
-0.5730322,-0.04615888
-0.61882174,-0.045789488
-0.6639067,-0.04508499
-0.7079702,-0.044063482
-0.7507203,-0.04275013
-0.7908958,-0.040175498
-0.8282746,-0.037378818
-0.8626735,-0.034398895
-0.8939458,-0.031272262
-0.92197764,-0.028031861
-0.9466838,-0.024706196
-0.96800286,-0.021318996
-0.98589206,-0.017889224
-1.0003234,-0.014431385
-1.0112795,-0.010956063
-1.0187501,-0.007470563
-1.0227298,-0.0039796615
-1.0232161,-0.00048639366
-1.020209,0.003007139
-1.01371,0.006498949
-1.0037237,0.009986344
-0.9902586,0.013465112
-0.97332984,0.016928727
-0.9529623,0.020367593
-0.9291939,0.023768354
-0.9020806,0.027113328
-0.87170047,0.030380134
-0.8381589,0.03354157
-0.801593,0.03656588
-0.76217556,0.039417412
-0.72011775,0.042057835
-0.6756699,0.044447817
-0.6291207,0.046549197
-0.58079326,0.04832746
-0.53103894,0.049754318
-0.48022884,0.050810114
-0.4287431,0.051485755
-0.37695917,0.0517839
-0.32523996,0.051719237
-0.27392215,0.051317807
-0.22330666,0.050615486
-0.17365085,0.049655806
-0.1251634,0.048487443
-0.07800179,0.047161624
-0.032272026,0.04572976
0.011969439,0.044241466
0.054712515,0.04274308
0.0959892,0.04127668
0.13586882,0.03987962
0.17445326,0.03858444
0.21187234,0.037419077
0.24827965,0.036407314
0.28384897,0.03556932
0.31877124,0.034922272
0.35325217,0.034480933
0.3875104,0.03425822
0.4217761,0.034265675
0.4562899,0.034513827
0.49130234,0.035012435
-0.50219923,0.0
-0.5033596,-0.0011603861
-0.50567174,-0.0023120865
-0.5091182,-0.0034464744
-0.51367325,-0.0045550447
-0.5193027,-0.005629475
-0.52596444,-0.0066616945
-0.5336084,-0.0076439525
-0.54217726,-0.008568892
-0.5516069,-0.009429625
-0.5618267,-0.010219811
-0.5727604,-0.01093373
-0.5843268,-0.011566353
-0.5964402,-0.012113408
-0.60901165,-0.012571435
-0.62194943,-0.012937826
-0.6351603,-0.013210852
-0.64855,-0.013389674
-0.6620243,-0.013474333
-0.67549,-0.013465726
-0.6888556,-0.0133655565
-0.70203185,-0.013176283
-0.7149329,-0.012901037
-0.7274765,-0.012543543
-0.7395845,-0.012108031
-0.7511836,-0.011599134
-0.7622054,-0.011021802
-0.77158666,-0.009381211
-0.7792748,-0.0076881875
-0.785228,-0.005953191
-0.78941435,-0.0041863266
-0.79281175,-0.0033973893
-0.79540247,-0.0025907466
-0.7961732,-0.0007707278
-0.79511994,0.001053249
-0.79224813,0.0028718144
-0.7875726,0.004675533
-0.7811178,0.006454794
-0.7729181,0.008199716
-0.762018,0.010900074
-0.7484784,0.013539604
-0.7323773,0.016101142
-0.7138107,0.018566592
-0.6928937,0.02091701
-0.6697608,0.023132835
-0.6445666,0.025194257
-0.61748487,0.027081734
-0.5887082,0.028776605
-0.5584464,0.030261828
-0.5269237,0.03152271
-0.49437606,0.032547645
-0.4610473,0.033328757
-0.42718494,0.033862367
-0.39303562,0.034149304
-0.3588407,0.034194928
-0.32483175,0.034008946
-0.29122677,0.033604983
-0.25922683,0.03199996
-0.23000821,0.029218601
-0.2037177,0.026290527
-0.18047462,0.023243058
-0.16037402,0.02010062
-0.14348958,0.01688443
-0.12987708,0.013612503
-0.1195772,0.01029988
-0.11261817,0.006959023
-0.10901782,0.0036003531
-0.10878495,0.00023287043
-0.111920126,-0.0031351727
-0.1184157,-0.0064955726
-0.12825517,-0.009839474
-0.14141186,-0.013156691
-0.15784694,-0.016435074
-0.17750691,-0.019659972
-0.2003207,-0.022813797
-0.22619648,-0.025875777
-0.2550184,-0.028821925
-0.28664368,-0.031625286
-0.3209002,-0.03425651
-0.35758498,-0.036684774
-0.39646402,-0.038879037
-0.43727362,-0.040809598
-0.47972342,-0.042449825
-0.5235014,-0.04377794
-0.56828004,-0.04477867
-0.6127246,-0.044444565
-0.6565087,-0.043784056
-0.6993221,-0.042813435
-0.7408778,-0.04155571
-0.7799169,-0.039039094
-0.81621754,-0.036300633
-0.8495947,-0.033377204
-0.8798985,-0.030303767
-0.9070106,-0.027112087
-0.93084055,-0.023829937
-0.95132124,-0.020480711
-0.96840465,-0.017083412
-0.9820576,-0.013652932
-0.9922581,-0.010200516
-0.9989925,-0.0067343954
-1.0022529,-0.0032604919
-1.0020362,0.00021681731
-0.9983423,0.0036939075
-0.9911752,0.0071671037
-0.98054326,0.010631878
-0.96646124,0.014082063
-0.94895214,0.01750909
-0.9280508,0.020901287
-0.9038076,0.024243275
-0.87629205,0.027515512
-0.845598,0.03069405
-0.8118474,0.033750594
-0.77519447,0.03665292
-0.73582876,0.039365754
-0.69397664,0.041852094
-0.6499016,0.044075012
-0.60390186,0.045999777
-0.5563056,0.047596242
-0.50746447,0.04884115
-0.45774427,0.04972019
-0.40751478,0.050229486
-0.35713843,0.05037635
-0.3069593,0.050179143
-0.25729296,0.04966634
-0.20841812,0.048874836
-0.16057032,0.0478478
-0.113938026,0.046632294
-0.0686611,0.04527692
-0.024831334,0.043829773
0.01750537,0.042336706
0.058345523,0.040840153
0.09772387,0.03937835
0.1357089,0.03798502
0.17239825,0.036689363
0.20791459,0.03551634
0.24240169,0.034487095
0.2760212,0.03361951
0.30894995,0.03292875
0.34137782,0.03242786
0.37350607,0.03212826
0.40554628,0.03204022
0.43771952,0.03217322
0.47025573,0.032536227
-0.4737781,0.0
-0.47515038,-0.0013722654
-0.47788474,-0.0027343503
-0.48196086,-0.004076132
-0.48734847,-0.0053876047
-0.4940074,-0.0066589466
-0.501888,-0.007880591
-0.5109313,-0.009043306
-0.5210696,-0.010138289
-0.53222686,-0.0111572575
-0.5443194,-0.012092555
-0.55725664,-0.01293725
-0.5709419,-0.013685244
-0.58527327,-0.014331363
-0.6001447,-0.01487144
-0.6154471,-0.015302378
-0.6310693,-0.0156221995
-0.64689934,-0.015830062
-0.6628256,-0.015926253
-0.67873776,-0.01591215
-0.6945279,-0.01579016
-0.71009153,-0.015563641
-0.7253283,-0.01523678
-0.7401428,-0.014814487
-0.7534451,-0.013302254
-0.76515687,-0.0117118
-0.77521145,-0.010054571
-0.78355306,-0.008341644
-0.79013675,-0.0065836892
-0.7949277,-0.0047909715
-0.79790115,-0.0029733954
-0.79904175,-0.0011405803
-0.79834366,0.00069804175
-0.7958106,0.0025331124
-0.7914553,0.004355228
-0.7853005,0.0061548245
-0.77637845,0.008922073
-0.76473707,0.011641365
-0.75044084,0.0142962355
-0.7335716,0.016869241
-0.71422964,0.019341938
-0.6925347,0.021695
-0.6686262,0.02390847
-0.642664,0.025962183
-0.6148277,0.027836304
-0.5853157,0.02951201
-0.55434346,0.030972248
-0.5221409,0.032202505
-0.48894936,0.033191573
-0.4550172,0.033932168
-0.42059577,0.03442143
-0.38593462,0.03466114
-0.35127687,0.03465776
-0.31685472,0.03442215
-0.2828856,0.03396909
-0.25056902,0.03231661
-0.22107871,0.029490301
-0.19455843,0.026520291
-0.17112423,0.023434183
-0.15086779,0.02025645
-0.13385962,0.017008172
-0.120152555,0.013707059
-0.109784834,0.01036772
-0.10278275,0.007002092
-0.09916274,0.0036200017
-0.09893293,0.0002298123
-0.102093816,-0.0031608818
-0.108638346,-0.006544535
-0.11855128,-0.00991293
-0.13180776,-0.013256478
-0.14837132,-0.016563563
-0.16819128,-0.019819966
-0.1911997,-0.023008417
-0.217308,-0.0261083
-0.2464036,-0.029095596
-0.2783467,-0.031943098
-0.31296766,-0.034620967
-0.35006532,-0.03709765
-0.38940647,-0.03934115
-0.4307271,-0.04132063
-0.47373527,-0.04300819
-0.51811606,-0.044380773
-0.56353796,-0.04542189
-0.608661,-0.045123063
-0.653153,-0.044492
-0.69669765,-0.04354462
-0.7390016,-0.042303946
-0.77880013,-0.03979854
-0.81586623,-0.037066106
-0.8500106,-0.034144364
-0.8810798,-0.031069184
-0.908953,-0.027873257
-0.93353826,-0.024585199
-0.95476735,-0.021229127
-0.972592,-0.017824626
-0.98697895,-0.014386983
-0.9979066,-0.010927668
-1.0053616,-0.007454951
-1.0093362,-0.003974615
-1.0098269,-0.00049072446
-1.0068333,0.0029935807
-1.0003581,0.006475274
-0.99040747,0.009950632
-0.976993,0.013414438
-0.9601338,0.016859194
-0.9398594,0.020274403
-0.9162135,0.023645902
-0.88925815,0.026955359
-0.8590782,0.03017994
-0.82578593,0.03329227
-0.7895252,0.036260743
-0.75047493,0.03905026
-0.70885146,0.041623462
-0.66490906,0.043942433
-0.61893827,0.045970798
-0.5712621,0.047676135
-0.52222973,0.049032394
-0.47220758,0.050022125
-0.42156938,0.050638217
-0.37068447,0.050884888
-0.31990665,0.050777834
-0.26956317,0.05034346
-0.21994583,0.049617346
-0.17130372,0.048642114
-0.12383868,0.047465045
-0.07770308,0.046135597
-0.032999862,0.044703215
0.010215594,0.043215457
0.051932227,0.04171663
0.092179134,0.04024691
0.13102104,0.038841896
0.16855358,0.037532546
0.20489898,0.036345407
0.24020202,0.035303038
0.27462655,0.03442452
0.30835262,0.033726074
0.34157422,0.033221602
0.37449747,0.032923263
0.4073394,0.03284192
0.44032696,0.032987546
0.47369644,0.033369485
-0.4312639,0.0
-0.43294758,-0.0016836894
-0.43630278,-0.0033552237
-0.44130528,-0.005002485
-0.4479187,-0.0066134357
-0.4560949,-0.008176172
-0.46577388,-0.009678998
-0.4768844,-0.011110513
-0.48934412,-0.012459725
-0.5030603,-0.013716183
-0.51793045,-0.014870124
-0.53384304,-0.015912635
-0.5506789,-0.016835814
-0.5683118,-0.017632937
-0.58661044,-0.018298594
-0.60543925,-0.018828817
-0.6246604,-0.01922116
-0.6441351,-0.019474758
-0.66372544,-0.019590309
-0.6832955,-0.01957004
-0.70271313,-0.01941761
-0.72185105,-0.019137971
-0.73958826,-0.017737204
-0.7558166,-0.016228283
-0.7704407,-0.014624148
-0.7833782,-0.012937457
-0.7945586,-0.011180435
-0.80392337,-0.009364761
-0.8114249,-0.0075015295
-0.81702614,-0.0056012613
-0.8207001,-0.0036739646
-0.82242936,-0.0017292349
-0.82120574,0.0012236184
-0.817035,0.004170729
-0.80993694,0.0070980676
-0.7999459,0.009991066
-0.7871116,0.012834276
-0.77150047,0.0156111065
-0.75319684,0.018303655
-0.73230416,0.020892672
-0.70894647,0.023357676
-0.68326926,0.02567725
-0.65543973,0.027829506
-0.625647,0.029792733
-0.59410083,0.031546194
-0.5610298,0.033071026
-0.5266786,0.03435117
-0.49130434,0.03537427
-0.4551719,0.03613244
-0.41854906,0.036622833
-0.38170114,0.036847938
-0.3448856,0.036815558
-0.30834708,0.036538504
-0.27231306,0.036034003
-0.23699021,0.03532286
-0.20256166,0.03442854
-0.17018555,0.03237611
-0.14099063,0.029194927
-0.11507539,0.025915245
-0.09251264,0.022562748
-0.07335422,0.019158415
-0.057635516,0.015718706
-0.045379534,0.012255983
-0.03660042,0.008779115
-0.03130625,0.00529417
-0.02950106,0.0018051881
-0.031186087,-0.0016850273
-0.036360182,-0.005174094
-0.045019414,-0.008659235
-0.057155885,-0.012136469
-0.072755694,-0.015599808
-0.09179618,-0.019040493
-0.11424248,-0.022446292
-0.14004338,-0.025800897
-0.16912685,-0.029083485
-0.20139539,-0.032268535
-0.23672134,-0.03532595
-0.27494293,-0.038221586
-0.31586123,-0.04091829
-0.35923862,-0.04337741
-0.4047994,-0.045560762
-0.45223242,-0.047433015
-0.5001966,-0.047964185
-0.54833615,-0.048139557
-0.59629035,-0.047954194
-0.64370364,-0.04741332
-0.69023556,-0.046531897
-0.7355691,-0.04533353
-0.7784178,-0.042848755
-0.8185362,-0.040118393
-0.85572016,-0.0371839
-0.8898053,-0.034085147
-0.920664,-0.030858697
-0.94820064,-0.027536666
-0.9723468,-0.024146112
-0.99305564,-0.020708878
-1.0102974,-0.017241783
-1.0240545,-0.013757085
-1.0343176,-0.010263109
-1.0410826,-0.0067649744
-1.044348,-0.003265395
-1.0441135,0.00023451356
-1.040379,0.0037344065
-1.0331452,0.0072338837
-1.0224135,0.010731663
-1.0081887,0.014224756
-0.99048114,0.017707655
-0.96930957,0.021171555
-0.94470596,0.024603616
-0.91671956,0.027986368
-0.8854223,0.031297274
-0.8509137,0.034508582
-0.8133262,0.03758753
-0.7728292,0.040497035
-0.72963226,0.0431969
-0.6839866,0.045645624
-0.636184,0.04780265
-0.5865529,0.049631078
-0.5354525,0.05110043
-0.48326316,0.052189313
-0.4303756,0.052887537
-0.37717816,0.05319744
-0.32404393,0.053134263
-0.2713185,0.052725412
-0.21930966,0.05200884
-0.16827898,0.05103069
-0.11843641,0.04984256
-0.069937706,0.04849871
-0.02288417,0.047053535
0.022675255,0.045559425
0.06674046,0.044065207
0.10935561,0.04261515
0.1506041,0.04124848
0.19060344,0.03999934
0.22950047,0.038897034
0.267467,0.037966534
0.30469608,0.03722908
0.34139886,0.036702797
0.37780222,0.036403332
0.4141466,0.036344394
0.4506848,0.036538173
0.48768044,0.036995668
-0.40626997,0.0
-0.40813187,-0.0018619078
-0.41184255,-0.0037106941
-0.41737583,-0.0055332514
-0.42469233,-0.007316508
-0.43373978,-0.009047469
-0.44445306,-0.010713278
-0.4567544,-0.01230131
-0.47055367,-0.013799289
-0.48574913,-0.015195451
-0.50222784,-0.016478714
-0.5198667,-0.017638886
-0.53853357,-0.018666875
-0.5580885,-0.019554902
-0.5783852,-0.02029669
-0.59927285,-0.02088764
-0.6205978,-0.021324947
-0.6422055,-0.021607678
-0.6639422,-0.02173678
-0.68565726,-0.021715028
-0.70720416,-0.021546908
-0.7274426,-0.02023845
-0.74624574,-0.018803146
-0.7635005,-0.017254718
-0.7791073,-0.015606811
-0.79298,-0.013872719
-0.8050452,-0.012065204
-0.8152416,-0.010196373
-0.82351923,-0.008277629
-0.8298389,-0.0063196826
-0.83317155,-0.0033326184
-0.833502,-0.0003304858
-0.83082885,0.00267313
-0.8251642,0.0056646913
-0.8165339,0.008630285
-0.80497867,0.011555228
-0.79055494,0.014423727
-0.7733363,0.017218629
-0.75341505,0.019921286
-0.73090345,0.022511566
-0.7059354,0.024968045
-0.678667,0.027268386
-0.64927715,0.0293899
-0.61796683,0.031310312
-0.58495814,0.033008657
-0.5504919,0.03446626
-0.51482415,0.035667736
-0.47822222,0.036601935
-0.44095957,0.037262663
-0.40331036,0.037649196
-0.36554387,0.037766486
-0.3279189,0.037625
-0.29067862,0.037240252
-0.25404656,0.03663208
-0.21822287,0.035823677
-0.18338232,0.034840554
-0.14967288,0.033709437
-0.118215635,0.031457253
-0.09010281,0.028112829
-0.0653992,0.024703607
-0.044147633,0.02125157
-0.026374167,0.017773464
-0.012092883,0.014281285
-0.001309952,0.01078293
0.0059729978,0.0072829495
0.009756348,0.003783351
0.01004077,0.00028442172
0.0068263263,-0.0032144443
0.00011240613,-0.00671392
-0.010101514,-0.01021392
-0.023814285,-0.013712772
-0.04102068,-0.017206395
-0.061708167,-0.020687489
-0.08585294,-0.02414477
-0.11341525,-0.027562309
-0.14433424,-0.03091899
-0.1785225,-0.034188263
-0.21586071,-0.037338212
-0.2561928,-0.040332075
-0.2993221,-0.043129325
-0.34500945,-0.04568733
-0.39297304,-0.047963582
-0.4418914,-0.048918393
-0.49141648,-0.04952508
-0.5411826,-0.04976607
-0.5908168,-0.049634255
-0.63995034,-0.049133528
-0.68822885,-0.048278503
-0.73532224,-0.047093365
-0.7799323,-0.04461008
-0.8218038,-0.041871537
-0.86072546,-0.038921617
-0.8965281,-0.035802703
-0.9290819,-0.032553773
-0.958291,-0.02920909
-0.9840885,-0.02579749
-1.0064306,-0.022342162
-1.0252916,-0.018860836
-1.0406578,-0.015366232
-1.0525244,-0.011866713
-1.0608915,-0.008367032
-1.0657606,-0.004869141
-1.0671337,-0.0013730169
-1.0650111,0.0021225133
-1.0593922,0.0056189443
-1.050275,0.009117272
-1.0376577,0.012617165
-1.0215416,0.01611614
-1.0019329,0.01960874
-0.97884715,0.023085725
-0.9523138,0.026533352
-0.92238104,0.02993275
-0.88912153,0.033259522
-0.8526379,0.036483638
-0.81306815,0.03956974
-0.7705901,0.04247799
-0.72542465,0.04516551
-0.67783624,0.047588397
-0.6281319,0.04970434
-0.57665634,0.05147555
-0.5237845,0.052871805
-0.46991134,0.053873196
-0.41543907,0.05447228
-0.36076382,0.054675244
-0.30626184,0.054501977
-0.25227684,0.05398501
-0.19910936,0.053167474
-0.147009,0.052100368
-0.09616941,0.050839584
-0.0467265,0.04944291
0.0012409347,0.047967434
0.047708385,0.04646745
0.0927014,0.044993013
0.13629048,0.04358907
0.17858562,0.042295143
0.21973105,0.041145436
0.25990027,0.04016922
0.29929167,0.03939141
0.3381249,0.038833227
0.37663776,0.038512852
0.41508377,0.038446005
0.45373023,0.03864644
0.49285647,0.03912626
